"Specimen.number"	"Plant.ID"	"Damage"	"area_leaf"	"hole_dam"	"margin_dam"	"skele_dam"	"surf_dam"	"ps_dam"	"ovi_dam"	"mine_dam"	"gall_dam"	"fungal_dam"	"bug_area_dam"	"fung_bug_comb_area_dam"	"fung_bug_perc_area_dam"	"bug_perc_area_dam"	"perc_area_dam"	"perc_fung_dam"	"LMA"	"LVD"
"1"	"5111"	"Macginitiea gracilis"	"2, 5"	0	0	0	0	0	0	0	0	0	0	0	0	0	0	0	0	69.57	0
"2"	"5722"	"Apeiba improvisa"	"2, 16"	0	0	0	0	0	0	0	0	0	0	0	0	0	0	0	0	71.49	0
"3"	"5723"	"Dicot sp.WR028"	"2(3), 3, 4(4), 18, 63(5)"	0	0	0	0	0	0	0	0	0	0	0	0	0	0	0	0	77.44	0
"4"	"5724"	"Apeiba improvisa"	"1(2), 12, FFB"	0	0	0	0	0	0	0	0	0	0	0	0	0	0	0	0	71.49	0
"5"	"5725"	"Populus cinnamomoides"	"16(7), F"	0	0	0	0	0	0	0	0	0	0	0	0	0	0	0	0	76.04	0
"6"	"5730"	"Apeiba improvisa"	"2, 3, 4"	15.32	0.306	0	0	0	0	0	0	0	0	0.306	0	1.997389034	0	1.99738903394256	0	71.49	10.857
"7"	"5731"	"Apeiba improvisa"	"2(3)"	45.513	0.034	0	0	0	0	0	0	0	0	0.034	0	0.074703931	0	0.0747039307450619	0	71.49	0
"8"	"5732"	"Dicot sp.WR028"	"12, 110"	0	0	0	0	0	0	0	0	0	0	0	0	0	0	0	0	77.44	6.194
"9"	"5733"	"Apeiba improvisa"	"2(2), 12(3), 29(50)"	0	0	0	0	0	0	0	0	0	0	0	0	0	0	0	0	71.49	0
"10"	"5734"	"Dicot sp.WR028"	"4, 5, 12"	27.6	0.56	0.074	0	0	0	0	0	0	0	0	0	0	0	2.29710144927536	0	77.44	0
"11"	"5735"	"Apeiba improvisa"	"12"	47.97	0	1.219	0	0	0	0	0	0	0	1.219	0	2.541171566	0	2.54117156556181	0	71.49	8.193
"12"	"5736"	"Apeiba improvisa"	"16(2), 30(12), 31(65)"	0	0	0	0	0	0	0	0	0	0	0	0	0	0	0	0	71.49	0
"13"	"5738"	"Dicot sp.WR028"	"2(3), 57"	21.11	0.034	0	0	0	0	0	0	0	0	0	0	0	0	0.161061108479394	0	77.44	0
"14"	"5740"	"Dicot sp.WR028"	"12, FFB"	10.6	0	0.301	0	0	0	0	0	0	0.007	0	0	0	0	2.83962264150943	6.60377358490566e-06	77.44	2.902
"15"	"5741"	"Apeiba improvisa"	"1, 2(3), 29(40), 57"	34.422	0.281	0	0	0.0761944	0	0	0	0	0	0.3571944	0	1.037692174	0	1.0376921736099	0	71.49	6.395
"16"	"5742"	"Dicot sp.WR028"	"16(2)"	80.65	0	0	3.37	0	0	0	0	0	0	0	0	0	0	4.17854928704278	0	77.44	0
"17"	"5744"	"Dicot sp.WR031"	"2(6), 8, F"	0	0	0	0	0	0	0	0	0	0	0	0	0	0	0	0	0	0
"18"	"5745"	"Dicot sp.WR028"	"1, 13, FFB"	52.59	0.008	0.359	0	0	0	0	0	0	0.318	0	0	0	0	0.697851302528998	6.0467769537935e-05	77.44	3.053
"19"	"5746"	"Dicot sp.WR028"	"2(3), 4(2), 12(3)"	77.51	1.341	0.671	0	0	0	0	0	0	0	0	0	0	0	2.59579409108502	0	77.44	0
"20"	"5747"	"Apeiba improvisa"	"12, 13"	0	0	0	0	0	0	0	0	0	0	0	0	0	0	0	0	71.49	0
"21"	"5749"	"Dicot sp.WR029"	"13, 16(2), 29"	45.692	0	3.066	0.221	0	0	0	0	0	0	0	0	0	0	7.19381948699991	0	0	0
"22"	"5750"	"Dicot sp.WR028"	"2(3), 16(2), F"	56.01	0.082	0	4.531	0	0	0	0	0	0.329	0	0	0	0	8.23602928048563	5.87395108016426e-05	77.44	0
"23"	"5753"	"Dicot sp.WR028"	"0"	28.79	0	0	0	0	0	0	0	0	0	0	0	0	0	0	0	77.44	0
"24"	"5754"	"Dicot sp.WR027"	"43, 100"	0	0	0	0	0	0	0	0	0	0	0	0	0	0	0	0	0	0
"25"	"5756"	"Dicot sp.WR034"	"2(6), 3(7)"	0	0	0	0	0	0	0	0	0	0	0	0	0	0	0	0	143.75	0
"26"	"5757"	"Dicot sp.WR029"	"2(5), 16, 57, 110"	0	0	0	0	0	0	0	0	0	0	0	0	0	0	0	0	0	0
"27"	"5759"	"Apeiba improvisa"	"12(2), 13"	25.094	0	1.478	0	0	0	0	0	0	0	0	0	0	0	5.88985414840201	0	71.49	0
"28"	"5762"	"Apeiba improvisa"	"1(3), 2(8), 8, 12(2), 14"	0	0	0	0	0	0	0	0	0	0	0	0	0	0	0	0	71.49	0
"29"	"5764"	"Dicot sp.WR029"	"2"	0	0	0	0	0	0	0	0	0	0	0	0	0	0	0	0	0	7.289
"30"	"5765"	"Symplocos incondita"	"29, 34, F"	12.08	0	0.864	0	0	0	0	0	0	1.202	0	0	0	0	7.1523178807947	0.000995033112582781	119.37	8.539
"31"	"5766"	"Apeiba improvisa"	"4, 16(3), 31(3), F"	0	0	0	0	0	0	0	0	0	0	0	0	0	0	0	0	71.49	0
"32"	"5768"	"Dicot sp.WR033"	"12(2), 29"	0	0	0	0	0	0	0	0	0	0	0	0	0	0	0	0	0	0
"33"	"5769"	"Dicot sp.WR033"	"14(2), 143(2)"	0	0	0	0	0	0	0	0	0	0	0	0	0	0	0	0	0	0
"34"	"5770"	"Dicot sp.WR032"	"2, 12(3), 14"	0	0	0	0	0	0	0	0	0	0	0	0	0	0	0	0	0	5.803
"35"	"5771"	"Dicot sp.WR033"	"12(3), 14(2)"	12.4	0	0.662	0	0	0	0	0	0	0	0	0	0	0	5.33870967741935	0	0	0
"36"	"5773"	"Dicot sp.WR033"	"2(3), 3, 12(3), 13"	8.19	0.043	0.059	0	0	0	0	0	0	0	0	0	0	0	1.24542124542125	0	0	0
"37"	"5775"	"Dicot sp.WR027"	"3, F"	0	0	0	0	0	0	0	0	0	0	0	0	0	0	0	0	0	0
"38"	"5777"	"Dicot sp.WR031"	"3, FFB"	0	0	0	0	0	0	0	0	0	0	0	0	0	0	0	0	0	3.747
"39"	"5778"	"Dicot sp.WR032"	"12, 30(5)"	0	0	0	0	0	0	0	0	0	0	0	0	0	0	0	0	0	6.501
"40"	"5780"	"Dicot sp.WR007"	"1(2), 2, FFB"	0	0	0	0	0	0	0	0	0	0	0	0	0	0	0	0	94.16	0
"41"	"5782"	"Juglandaceae sp.WR035"	"2(2)"	0	0	0	0	0	0	0	0	0	0	0	0	0	0	0	0	0	0
"42"	"5784"	"Dicot sp.WR028"	"12"	15.85	0	0.093	0	0	0	0	0	0	0	0	0	0	0	0.586750788643533	0	77.44	0
"43"	"5785"	"Dicot sp.WR027"	"2(2), 3(2), FFB"	0	0	0	0	0	0	0	0	0	0	0	0	0	0	0	0	0	0
"44"	"5786"	"Populus cinnamomoides"	"3"	10.97	0.044	0	0	0	0	0	0	0	0	0	0	0	0	0.401093892433911	0	76.04	0
"45"	"5788"	"Dicot sp.WR028"	"1, 2, 12"	23.86	0.048	0.308	0	0	0	0	0	0	0	0	0	0	0	1.49203688181056	0	77.44	0
"46"	"5789"	"Dicot sp.WR029"	"15, 31(60)"	0	0	0	0	0	0	0	0	0	0	0	0	0	0	0	0	0	5.605
"47"	"5791"	"Dicot sp.WR029"	"2(11), 5, 12, 14"	0	0	0	0	0	0	0	0	0	0	0	0	0	0	0	0	0	0
"48"	"5793"	"Populus cinnamomoides"	"1, 2(2)"	25.94	0.028	0	0	0	0	0	0	0	0	0	0	0	0	0.107941403238242	0	76.04	0
"49"	"5794"	"Symplocos incondita"	"31(2), 32(3), 34"	36.75	0	0	0	0	0	0	0	0.04	0	0	0	0	0	0.108843537414966	0	119.37	0
"50"	"5795"	"Symplocos incondita"	"34(2), 145, F"	23.4	0	0	0	0	0	0	0	0.029	0.161	0	0	0	0	0.123931623931624	6.88034188034188e-05	119.37	0
"51"	"5798"	"Platanites raynoldsii"	"2(2), F"	0	0	0	0	0	0	0	0	0	0	0	0	0	0	0	0	58.68	0
"52"	"5800"	"Dicot sp.WR028"	"2(3), FFB"	30.49	0.055	0	0	0	0	0	0	0	0.432	0	0	0	0	0.180387012135126	0.000141685798622499	77.44	0
"53"	"5801"	"Dicot sp.WR007"	"57, F"	0	0	0	0	0	0	0	0	0	0	0	0	0	0	0	0	94.16	0
"54"	"5807"	"Populus cinnamomoides"	"1, 3, 16, 17(4), FFB"	110.8	0.079	0	1.023	0	0	0	0	0	0.018	0	0	0	0	0.994584837545126	1.62454873646209e-06	76.04	0
"55"	"5810"	"Dombeya novi-mundi"	"FFB"	17.67	0	0	0	0	0	0	0	0	0.017	0	0	0	0	0	9.62082625919638e-06	0	0
"56"	"5811"	"Symplocos incondita"	"33, 34(3), FFB"	31.02	0	0	0	0	0	0	0	0.398	0	0	0	0	0	1.28304319793682	0	119.37	7.914
"57"	"5812"	"Dicot sp.WR007"	"3(4), 34(2), 57, FFB"	46.55	2.297	0	0	0	0	0	0	0	0.48	0	0	0	0	4.93447905477981	0.000103114930182599	94.16	0
"58"	"5813"	"Dicot sp.WR007"	"30"	24.94	0	0	0	0	0	0	0	0	0	0	0	0	0	0	0	94.16	0
"59"	"5814"	"Apeiba improvisa"	"8, 50"	20.02	0.22	0	0	0	0	0	0	0	0	0	0	0	0	1.0989010989011	0	71.49	5.89
"60"	"5815"	"Dicot sp.WR007"	"2(3), 66"	0	0	0	0	0	0	0	0	0	0	0	0	0	0	0	0	94.16	0
"61"	"5816"	"Dicot sp.WR007"	"2, 12, 13"	21.73	0.027	0.891	0	0	0	0	0	0	0	0	0	0	0	4.22457432121491	0	94.16	0
"62"	"5817"	"Dicot sp.WR007"	"12, 14, 32(3)"	14.48	0	0.495	0	0	0	0	0	0.006	0	0	0	0	0	3.45994475138122	0	94.16	0
"63"	"5818"	"Dicot sp.WR007"	"2(3), FFB"	30.77	0.032	0	0	0	0	0	0	0	0.025	0	0	0	0	0.103997400064998	8.124796880078e-06	94.16	0
"64"	"5819"	"Dicot sp.WR007"	"46(2)"	0	0	0	0	0	0	0	0	0	0	0	0	0	0	0	0	94.16	0
"65"	"5823"	"Dicot sp.WR007"	"32"	3.117	0	0	0	0	0	0	0	0.004	0	0	0	0	0	0.128328521013795	0	94.16	0
"66"	"5824"	"Dicot sp.WR007"	"2, 29"	18.75	0.012	0	0	0.013	0	0	0	0	0	0	0	0	0	0.133333333333333	0	94.16	7.755
"67"	"5826"	"Symplocos incondita"	"5"	15.08	0.255	0	0	0	0	0	0	0	0	0	0	0	0	1.69098143236074	0	119.37	0
"68"	"5827"	"Dicot sp.WR007"	"2(10), 4, 12(2), 29"	38.77	0.269	0.369	0	0.007	0	0	0	0	0	0	0	0	0	1.66365746711375	0	94.16	0
"69"	"5830"	"Symplocos incondita"	"1(17), 2(6), 3(2)"	24.9	1.08	0	0	0	0	0	0	0	0	0	0	0	0	4.33734939759036	0	119.37	0
"70"	"5831"	"Dicot sp.WR007"	"13, 32(3), FFB"	0	0	0	0	0	0	0	0	0	0	0	0	0	0	0	0	94.16	0
"71"	"5832"	"Dicot sp.WR007"	"31"	33.78	0	0	0	0	0	0	0	0	0	0	0	0	0	0	0	94.16	0
"72"	"5833"	"Dicot sp.WR007"	"30, 45"	25.18	0.49	0	0	0	0	0	0	0	0	0	0	0	0	1.94598888006354	0	94.16	0
"73"	"5834"	"Dicot sp.WR007"	"46(3)"	6.21	0	0	0	0	0	0	0	0	0	0	0	0	0	0	0	94.16	0
"74"	"5836"	"Dicot sp.WR007"	"31, FFB"	0	0	0	0	0	0	0	0	0	0	0	0	0	0	0	0	94.16	0
"75"	"5837"	"Dicot sp.WR007"	"2, 12"	29.11	0.011	0.324	0	0	0	0	0	0	0	0	0	0	0	1.15080728272071	0	94.16	0
"76"	"5838"	"Dicot sp.WR007"	"34, 69"	35.47	0	0	0	0	0	0	0.028	0	0	0	0	0	0	0.0789399492528898	0	94.16	0
"77"	"5840"	"Dicot sp.WR007"	"2(3), FFB"	0	0	0	0	0	0	0	0	0	0	0	0	0	0	0	0	94.16	0
"78"	"5841"	"Dicot sp.WR007"	"2(3), 36(2)"	0	0	0	0	0	0	0	0	0	0	0	0	0	0	0	0	94.16	0
"79"	"5851"	"Dicot sp.WR007"	"2(7), 3(6), 8(3)"	25.58	0.079	0	0	0	0	0	0	0	0	0	0	0	0	0.308835027365129	0	94.16	0
"80"	"5853"	"Populus cinnamomoides"	"2, 3, 4, F"	0	0	0	0	0	0	0	0	0	0	0	0	0	0	0	0	76.04	6.02
"81"	"5856"	"Populus cinnamomoides"	"2, 12"	17.91	0.013	0.107	0	0	0	0	0	0	0	0	0	0	0	0.67001675041876	0	76.04	0
"82"	"5858"	"Apeiba improvisa"	"12"	23.69	0	0.075	0	0	0	0	0	0	0	0	0	0	0	0.316589278176446	0	71.49	0
"83"	"5859"	"Dicot sp.WR007"	"2(2), 3, 4"	0	0	0	0	0	0	0	0	0	0	0	0	0	0	0	0	94.16	0
"84"	"5861"	"Populus cinnamomoides"	"34(2), F"	27.96	0	0	0	0	0	0	0	0	0.513	0	0	0	0	0	0.000183476394849785	76.04	0
"85"	"5862"	"Populus cinnamomoides"	"2, 30"	0	0	0	0	0	0	0	0	0	0	0	0	0	0	0	0	76.04	0
"86"	"5864"	"Dicot sp.WR007"	"12"	0	0	0	0	0	0	0	0	0	0	0	0	0	0	0	0	94.16	0
"87"	"5865"	"Populus cinnamomoides"	"2, 57"	0	0	0	0	0	0	0	0	0	0	0	0	0	0	0	0	76.04	0
"88"	"5866"	"Populus cinnamomoides"	"1, 2(2), 3(3), 57(2) FFB"	17.893	0.503	0	0	0	0	0	0	0	0.029	0	0	0	0	2.81115520035768	1.62074554294976e-05	76.04	0
"89"	"5868"	"Populus cinnamomoides"	"2(3), 17"	31.66	0.065	0	1.77	0	0	0	0	0	0	0	0	0	0	5.79595704358812	0	76.04	0
"90"	"5869"	"Populus cinnamomoides"	"2, 8"	78.76	0.512	0	0	0	0	0	0	0	0	0	0	0	0	0.650076180802438	0	76.04	0
"91"	"5871"	"Platanites raynoldsii"	"2, 13"	32.1	0.036	0.217	0	0	0	0	0	0	0	0	0	0	0	0.78816199376947	0	58.68	0
"92"	"5874"	"Platanites raynoldsii"	"2(5)"	0	0	0	0	0	0	0	0	0	0	0	0	0	0	0	0	58.68	0
"93"	"5875"	"Platanites raynoldsii"	"2(2), 32(3)"	0	0	0	0	0	0	0	0	0	0	0	0	0	0	0	0	58.68	6.745
"94"	"5876"	"Platanites raynoldsii"	"2(2), 13, 34, F"	22.166	0.019	0.45	0	0	0	0	0	0.011	0	0	0	0	0	2.16547866101236	0	58.68	0
"95"	"5878"	"Platanites raynoldsii"	"2"	3.391	0.004	0	0	0	0	0	0	0	0	0	0	0	0	0.117959304040106	0	58.68	0
"96"	"5879"	"Dicot sp.WR007"	"2(7), FFB"	0	0	0	0	0	0	0	0	0	0	0	0	0	0	0	0	94.16	0
"97"	"5881"	"Platanites raynoldsii"	"12, F"	36.72	0	0.467	0	0	0	0	0	0	0	0	0	0	0	1.27178649237473	0	58.68	0
"98"	"5882"	"Populus cinnamomoides"	"2, FFB"	0	0	0	0	0	0	0	0	0	0	0	0	0	0	0	0	76.04	0
"99"	"5883"	"Platanites raynoldsii"	"2(3), 4(3), 12, 13, F"	42.79	0.666	3.8	0	0	0	0	0	0	0	0	0	0	0	10.4370179948586	0	58.68	7.108
"100"	"5885"	"Macginitiea gracilis"	"1(4), 12"	122.69	0.019	0.306	0	0	0	0	0	0	0	0	0	0	0	0.264895264487733	0	69.57	0
"101"	"5886"	"Macginitiea wyomingensis"	"2(2), 16"	201.4	0.091	0	9.917	0	0	0	0	0	0	0	0	0	0	4.96921549155909	0	66.25	4.117
"102"	"5887"	"Macginitiea gracilis"	"4, 5, 16(2)"	70.64	0.627	0	0.81	0	0	0	0	0	0	0	0	0	0	2.03425821064553	0	69.57	0
"103"	"5889"	"Macginitiea gracilis"	"12"	64.64	0	0.125	0	0	0	0	0	0	0	0	0	0	0	0.193378712871287	0	69.57	0
"104"	"5945"	"Macginitiea wyomingensis"	"1, 8(3)"	112.16	0.078	0	0	0	0	0	0	0	0	0	0	0	0	0.0695435092724679	0	66.25	3.642
"105"	"5949"	"Macginitiea gracilis"	"2(7), 3(2)"	121.17	0.31	0	0	0	0	0	0	0	0	0	0	0	0	0.255838904019147	0	69.57	4.591
"106"	"5950"	"Apeiba improvisa"	"3"	0	0	0	0	0	0	0	0	0	0	0	0	0	0	0	0	71.49	0
"107"	"5952"	"Dicot sp.WR007"	"2(2), FFB"	11.85	0.069	0	0	0	0	0	0	0	0.044	0	0	0	0	0.582278481012658	3.71308016877637e-05	94.16	0
"108"	"5953"	"Dicot sp.WR028"	"13, FFB"	27.02	0	3.54	0	0	0	0	0	0	0.014	0	0	0	0	13.1014063656551	5.18134715025907e-06	77.44	0
"109"	"5954"	"Dicot sp.WR029"	"1(2), 2(3), 5(2)"	0	0	0	0	0	0	0	0	0	0	0	0	0	0	0	0	0	5.293
"110"	"5958"	"Dicot sp.WR028"	"12"	13.62	0	0.074	0	0	0	0	0	0	0	0	0	0	0	0.543318649045521	0	77.44	0
"111"	"5961"	"Apeiba improvisa"	"2, 5"	0	0	0	0	0	0	0	0	0	0	0	0	0	0	0	0	71.49	0
"112"	"5962"	"Dicot sp.WR033"	"57"	0	0	0	0	0	0	0	0	0	0	0	0	0	0	0	0	0	0
"113"	"5963"	"Apeiba improvisa"	"16, 31"	17.94	0	0	0.32	0	0	0	0	0.007	0	0	0	0	0	1.82274247491639	0	71.49	0
"114"	"5964"	"Dicot sp.WR033"	"3, 5, 13"	0	0	0	0	0	0	0	0	0	0	0	0	0	0	0	0	0	0
"115"	"5967"	"Apeiba improvisa"	"34"	0	0	0	0	0	0	0	0	0	0	0	0	0	0	0	0	71.49	0
"116"	"5968"	"Dicot sp.WR033"	"3, 12"	0	0	0	0	0	0	0	0	0	0	0	0	0	0	0	0	0	0
"117"	"5970"	"Dicot sp.WR028"	"2"	33.1	0.032	0	0	0	0	0	0	0	0	0	0	0	0	0.0966767371601208	0	77.44	0
"118"	"5974"	"Dicot sp.WR028"	"0"	51.22	0	0	0	0	0	0	0	0	0	0	0	0	0	0	0	77.44	3.773
"119"	"5975"	"Dicot sp.WR029"	"2(3), 16(6)"	23.37	0.03	0	0.043	0	0	0	0	0	0	0	0	0	0	0.312366281557552	0	0	0
"120"	"5976"	"Dicot sp.WR029"	"2(2)"	0	0	0	0	0	0	0	0	0	0	0	0	0	0	0	0	0	0
"121"	"5980"	"Apeiba improvisa"	"2, 12, F"	34.478	0.01	0.167	0	0	0	0	0	0	0	0	0	0	0	0.513370845176634	0	71.49	0
"122"	"5981"	"Dicot sp.WR032"	"2, 3(3), 5(2), 57(2)"	0	0	0	0	0	0	0	0	0	0	0	0	0	0	0	0	0	0
"123"	"5982"	"Dicot sp.WR028"	"2(2), 12, 29, 57, FFB"	0	0	0	0	0	0	0	0	0	0	0	0	0	0	0	0	77.44	0
"124"	"5984"	"Dicot sp.WR033"	"12, 143"	0	0	0	0	0	0	0	0	0	0	0	0	0	0	0	0	0	0
"125"	"5985"	"Dicot sp.WR034"	"30, 32(3)"	0	0	0	0	0	0	0	0	0	0	0	0	0	0	0	0	143.75	0
"126"	"5987"	"Dicot sp.WR033"	"3(2), FFB"	0	0	0	0	0	0	0	0	0	0	0	0	0	0	0	0	0	0
"127"	"5992"	"Dombeya novi-mundi"	"2(5), 3, 17"	0	0	0	0	0	0	0	0	0	0	0	0	0	0	0	0	0	0
"128"	"5993"	"Dombeya novi-mundi"	"2(24), 5(2), 12, 57"	99.9	0.581	1.82	0	0	0	0	0	0	0	0	0	0	0	2.4034034034034	0	0	0
"129"	"6320"	"Macginitiea gracilis"	"17"	0	0	0	0	0	0	0	0	0	0	0	0	0	0	0	0	69.57	0
"130"	"6322"	"Macginitiea gracilis"	"29"	39.4	0	0	0	0	0	0	0	0	0	0	0	0	0	0	0	69.57	0
"131"	"6323"	"Macginitiea gracilis"	"2(4), 3, 12, 17, 50, FFB"	61.73	0.073	0	4.08	0	0	0	0	0	0.147	0	0	0	0	6.72768508018792	2.38133808520978e-05	69.57	5.2
"132"	"6324"	"Macginitiea gracilis"	"1(7), 2(2), 4, 8"	0	0	0	0	0	0	0	0	0	0	0	0	0	0	0	0	69.57	0
"133"	"7029"	"Dicot sp.WR031"	"3, FFB"	0	0	0	0	0	0	0	0	0	0	0	0	0	0	0	0	0	0
"134"	"7032"	"Symplocos incondita"	"2(2), 12, 17, F"	34.23	0.25	0.084	1.71	0	0	0	0	0	0	0	0	0	0	5.97137014314928	0	119.37	0
"135"	"7033"	"Populus cinnamomoides"	"2(2)"	0	0	0	0	0	0	0	0	0	0	0	0	0	0	0	0	76.04	0
"136"	"7033"	"Populus cinnamomoides"	"1, 2, FFB"	0	0	0	0	0	0	0	0	0	0	0	0	0	0	0	0	76.04	0
"137"	"7034"	"Populus cinnamomoides"	"34(2), F"	5	0	0	0	0	0	0	0	0.097	0.029	0	0	0	0	1.94	5.8e-05	76.04	5.842
"138"	"7036.2"	"Platanites raynoldsii"	"32(2), FFB"	0	0	0	0	0	0	0	0	0	0	0	0	0	0	0	0	58.68	0
"139"	"7037"	"Platanites raynoldsii"	"2(3), 9"	37.62	0.025	0	0	0	0	0	0	0	0	0	0	0	0	0.0664540138224349	0	58.68	8.051
"140"	"7038"	"Populus cinnamomoides"	"2(2), 50(4), F"	0	0	0	0	0	0	0	0	0	0	0	0	0	0	0	0	76.04	0
"141"	"7039"	"Macginitiea gracilis"	"2(7), 5 (3), FFB"	0	0	0	0	0	0	0	0	0	0	0	0	0	0	0	0	69.57	0
"142"	"7040"	"Dicot sp.WR007"	"32(5)"	23.54	0.24	0	0	0	0	0	0	0	0	0	0	0	0	1.01954120645709	0	94.16	0
"143"	"7041"	"Juglandaceae sp.WR035"	"5, 12(3), 40, 63"	0	0	0	0	0	0	0	0	0	0	0	0	0	0	0	0	0	0
"144"	"7045"	"Platanites raynoldsii"	"13"	0	0	0	0	0	0	0	0	0	0	0	0	0	0	0	0	58.68	0
"145"	"7049"	"Dicot sp.WR031"	"8(2), 10(4), F"	0	0	0	0	0	0	0	0	0	0	0	0	0	0	0	0	0	4.071
"146"	"7051"	"Apeiba improvisa"	"2(2), F"	45.55	0.054	0	0	0	0	0	0	0	5.173	0	0	0	0	0.118551042810099	0.00113567508232711	71.49	0
"147"	"7914"	"Apeiba improvisa"	"2, 12, 13, 14"	81.6	0.005	16.96	0	0	0	0	0	0	0	0	0	0	0	20.7904411764706	0	71.49	0
"148"	"7915"	"Dicot sp.WR029"	"2(2), 12, 31(50), 57"	0	0	0	0	0	0	0	0	0	0	0	0	0	0	0	0	0	0
"149"	"7916"	"Dicot sp.WR029"	"2, 12, F"	0	0	0	0	0	0	0	0	0	0	0	0	0	0	0	0	0	0
"150"	"7917"	"Dicot sp.WR029"	"FB"	47.61	0	0	0	0	0	0	0	0	2.53	0	0	0	0	0	0.000531400966183575	0	5.547
"151"	"7918"	"Dicot sp.WR028"	"12, FFB"	0	0	0	0	0	0	0	0	0	0	0	0	0	0	0	0	77.44	5.152
"152"	"7920"	"Apeiba improvisa"	"3, 5, 57"	0	0	0	0	0	0	0	0	0	0	0	0	0	0	0	0	71.49	0
"153"	"7921"	"Dicot sp.WR028"	"2(2), 64"	40.1	0.209	0	0	0	0	0	0	0	0	0	0	0	0	0.521197007481297	0	77.44	8.981
"154"	"7925"	"Apeiba improvisa"	"1(2), 2(3), 5(2)"	59.4	0.41	0	0	0	0	0	0	0	0	0	0	0	0	0.69023569023569	0	71.49	7.772
"155"	"7926"	"Dicot sp.WR029"	"12(3), 31(20)"	0	0	0	0	0	0	0	0	0	0	0	0	0	0	0	0	0	5.001
"156"	"7927"	"Apeiba improvisa"	"2(3), 12"	0	0	0	0	0	0	0	0	0	0	0	0	0	0	0	0	71.49	0
"157"	"7928"	"Dicot sp.WR029"	"2, 12(2)"	0	0	0	0	0	0	0	0	0	0	0	0	0	0	0	0	0	0
"158"	"7929"	"Dicot sp.WR007"	"57, F"	46.72	0.101	0	0	0	0	0	0	0	2.61	0	0	0	0	0.216181506849315	0.000558647260273973	94.16	0
"159"	"7930"	"Dicot sp.WR029"	"3, FFB"	0	0	0	0	0	0	0	0	0	0	0	0	0	0	0	0	0	5.738
"160"	"7934"	"Dombeya novi-mundi"	"2, 34, 57, 83(4)"	0	0	0	0	0	0	0	0	0	0	0	0	0	0	0	0	0	0
"161"	"7934"	"Dombeya novi-mundi"	"32(3), F"	0	0	0	0	0	0	0	0	0	0	0	0	0	0	0	0	0	0
"162"	"7937.1"	"Macginitiea gracilis"	"1(2), 2(3), 5, 17"	0	0	0	0	0	0	0	0	0	0	0	0	0	0	0	0	69.57	0
"163"	"7939"	"Dicot sp.WR029"	"34, F"	54.02	0	0	0	0	0	0	0	0.011	0	0	0	0	0	0.0203628285820067	0	0	5.988
"164"	"7943"	"Dicot sp.WR028"	"1(4), 3(2), 12"	0	0	0	0	0	0	0	0	0	0	0	0	0	0	0	0	77.44	4.592
"165"	"7944"	"Dicot sp.WR033"	"12(2)"	0	0	0	0	0	0	0	0	0	0	0	0	0	0	0	0	0	0
"166"	"7946"	"Dicot sp.WR033"	"12(2), 29, 143(2)"	0	0	0	0	0	0	0	0	0	0	0	0	0	0	0	0	0	0
"167"	"7948"	"Symplocos incondita"	"2(5), 13"	20.3	0.05	0.585	0	0	0	0	0	0	0	0	0	0	0	3.12807881773399	0	119.37	0
"168"	"7949"	"Symplocos incondita"	"83, 126"	12.51	0	0	0	0	0	0	0	0	0	0	0	0	0	0	0	119.37	0
"169"	"7955"	"Symplocos incondita"	"12, 14"	0	0	0	0	0	0	0	0	0	0	0	0	0	0	0	0	119.37	0
"170"	"7955"	"Symplocos incondita"	"13"	0	0	0	0	0	0	0	0	0	0	0	0	0	0	0	0	119.37	0
"171"	"7956"	"Symplocos incondita"	"16"	10.99	0	0	0.059	0	0	0	0	0	0	0	0	0	0	0.536851683348499	0	119.37	0
"172"	"7959"	"Dicot sp.WR033"	"12(2)"	0	0	0	0	0	0	0	0	0	0	0	0	0	0	0	0	0	0
"173"	"7960"	"Symplocos incondita"	"12(2)"	17.69	0	0.69	0	0	0	0	0	0	0	0	0	0	0	3.90050876201244	0	119.37	0
"174"	"7961"	"Dicot sp.WR028"	"2, 5, 16"	60.98	0.302	0	0.613	0	0	0	0	0	0	0	0	0	0	1.50049196457855	0	77.44	0
"175"	"7964"	"Dicot sp.WR028"	"31(3), F"	37.16	0	0	0	0.072	0	0	0	0	6.153	0	0	0	0	0.193756727664155	0.00165581270182992	77.44	3.122
"176"	"7965"	"Dicot sp.WR028"	"2(20), 12"	36.43	0.087	0.863	0	0	0	0	0	0	0	0	0	0	0	2.60774087290694	0	77.44	0
"177"	"7967"	"Dicot sp.WR028"	"8, 12, 31(7)"	30.99	0.058	0.053	0	0	0	0	0	0	0	0	0	0	0	0.358180058083253	0	77.44	0
"178"	"7968"	"Dicot sp.WR028"	"F, FFB"	30.69	0	0	0	0	0	0	0	0	1.377	0	0	0	0	0	0.000448680351906158	77.44	0
"179"	"7970"	"Dicot sp.WR028"	"4(2), 13"	30.79	0.559	0.612	0	0	0	0	0	0	0	0	0	0	0	3.80318285157519	0	77.44	0
"180"	"7971"	"Dicot sp.WR033"	"2(2), 12(2), 15"	0	0	0	0	0	0	0	0	0	0	0	0	0	0	0	0	0	0
"181"	"7973"	"Dicot sp.WR028"	"12"	25.456	0	0.019	0	0	0	0	0	0	0	0	0	0	0	0.0746385920804525	0	77.44	6.914
"182"	"7974"	"Populus cinnamomoides"	"35"	24.02	0	0	0	0	0	0	0.009	0	0	0	0	0	0	0.0374687760199833	0	76.04	0
"183"	"7976"	"Dicot sp.WR028"	"2"	80.97	0.096	0	0	0	0	0	0	0	0	0	0	0	0	0.118562430529826	0	77.44	0
"184"	"7979"	"Dicot sp.WR029"	"2, 12(3), 31(25), F"	28.63	0.009	0.582	0	0	0	0	0	0.2	0.202	0	0	0	0	2.76283618581907	7.05553615089068e-05	0	6.843
"185"	"7980.1"	"Dicot sp.WR028"	"1(2), FFB"	0	0	0	0	0	0	0	0	0	0	0	0	0	0	0	0	77.44	0
"186"	"7981"	"Dicot sp.WR028"	"31"	34.78	0	0	0	0	0	0	0	0.053	0	0	0	0	0	0.152386428982174	0	77.44	9.442
"187"	"7982"	"Dicot sp.WR028"	"2(2)"	37.92	0.099	0	0	0	0	0	0	0	0	0	0	0	0	0.261075949367089	0	77.44	0
"188"	"7983"	"Dicot sp.WR028"	"2(3), 3, 4"	48.09	0.577	0	0	0	0	0	0	0	0	0	0	0	0	1.19983364524849	0	77.44	9.432
"189"	"7985"	"Dicot sp.WR028"	"31(4), FFB"	45.2	0	0	0	0	0	0	0	0.095	0.247	0	0	0	0	0.210176991150442	5.4646017699115e-05	77.44	5.454
"190"	"7988"	"Dicot sp.WR028"	"2(3)"	33.23	0.06	0	0	0	0	0	0	0	0	0	0	0	0	0.180559735179055	0	77.44	0
"191"	"7989"	"Dicot sp.WR028"	"2(2), 12, F"	56.26	0.048	0.085	0	0	0	0	0	0	4.406	0	0	0	0	0.236402417348027	0.000783149662282261	77.44	0
"192"	"7991"	"Symplocos incondita"	"12(2), 29, 32(2), FFB"	13.33	0	0.495	0	0	0	0	0	0.065	0.044	0	0	0	0	4.20105026256564	3.30082520630158e-05	119.37	8.186
"193"	"7992"	"Symplocos incondita"	"32(11), 34(2)"	13.17	0	0	0	0	0	0	0	0.141	0	0	0	0	0	1.07061503416856	0	119.37	0
"194"	"7993"	"Symplocos incondita"	"32(2), 34(2), F"	22.06	0	0	0	0	0	0	0	0	3.588	0	0	0	0	0	0.00162647325475975	119.37	0
"195"	"7997"	"Dicot sp.WR028"	"2(2), 16"	86.86	0.288	0	14.15	0	0	0	0	0	0	0	0	0	0	16.6221505871517	0	77.44	0
"196"	"7999"	"Dicot sp.WR028"	"12"	19.16	0	0.165	0	0	0	0	0	0	0	0	0	0	0	0.861169102296451	0	77.44	0
"197"	"8012"	"Populus cinnamomoides"	"2, 8(2)"	42.13	0.095	0	0	0	0	0	0	0	0	0	0	0	0	0.225492523142654	0	76.04	0
"198"	"8013"	"Dicot sp.WR007"	"12"	0	0	0	0	0	0	0	0	0	0	0	0	0	0	0	0	94.16	0
"199"	"8033"	"Dicot sp.WR007"	"F, FFB"	18.16	0.022	0	0	0	0	0	0	0	0.069	0	0	0	0	0.121145374449339	3.79955947136564e-05	94.16	0
"200"	"8034"	"Dicot sp.WR007"	"2(2), 12, FFB"	9.54	0.039	0.207	0	0	0	0	0	0	0	0	0	0	0	2.57861635220126	0	94.16	0
"201"	"8035"	"Symplocos incondita"	"34, F"	13.99	0	0	0	0	0	0	0	0.006	2.53	0	0	0	0	0.0428877769835597	0.0018084345961401	119.37	6.761
"202"	"8036"	"Symplocos incondita"	"2, 34(3)"	21.98	0	0.383	0	0	0	0	0	0	0.398	0	0	0	0	1.74249317561419	0.000181073703366697	119.37	0
"203"	"8038"	"Symplocos incondita"	"1, 12, F"	17.37	0.008	0.564	0	0	0	0	0	0	0.877	0	0	0	0	3.2930339666091	0.0005048934945308	119.37	0
"204"	"8039"	"Dicot sp.WR033"	"31, F"	0	0	0	0	0	0	0	0	0	0	0	0	0	0	0	0	0	0
"205"	"8040"	"Symplocos incondita"	"3, 46(3), F"	16.25	0.091	0	0	1.813	0	0	0	0	0	0	0	0	0	11.7169230769231	0	119.37	0
"206"	"8042"	"Dicot sp.WR033"	"12"	0	0	0	0	0	0	0	0	0	0	0	0	0	0	0	0	0	0
"207"	"8043"	"Dicot sp.WR007"	"2(2), 12"	16.39	0.031	0.192	0	0	0	0	0	0	0	0	0	0	0	1.36058572300183	0	94.16	0
"208"	"8044"	"Macginitiea wyomingensis"	"1"	0	0	0	0	0	0	0	0	0	0	0	0	0	0	0	0	66.25	0
"209"	"8047"	"Apeiba improvisa"	"3"	9.8	0.021	0	0	0	0	0	0	0	0	0	0	0	0	0.214285714285714	0	71.49	0
"210"	"8049"	"Dicot sp.WR007"	"2(3)"	13.06	0.06	0	0	0	0	0	0	0	0	0	0	0	0	0.459418070444104	0	94.16	0
"211"	"8050"	"Dicot sp.WR028"	"110"	63.498	0	0	0	0	0	0	0	0.187	0	0	0	0	0	0.29449746448707	0	77.44	6.704
"212"	"8051"	"Dicot sp.WR007"	"1"	27.41	0.004	0	0	0	0	0	0	0	0	0	0	0	0	0.0145932141554177	0	94.16	0
"213"	"8053"	"Dicot sp.WR007"	"30(4), FFB"	0	0	0	0	0	0	0	0	0	0	0	0	0	0	0	0	94.16	0
"214"	"8054"	"Dicot sp.WR007"	"8, 12(2), 57"	8.99	0.042	0.195	0	0	0	0	0	0	0	0	0	0	0	2.63626251390434	0	94.16	0
"215"	"8055"	"Dicot sp.WR007"	"34(2), 43"	22.21	0	0	0	0	0	0	0.818	0	0.037	0	0	0	0	3.68302566411526	1.66591625393967e-05	94.16	0
"216"	"8056"	"Dicot sp.WR007"	"2, 13"	0	0	0	0	0	0	0	0	0	0	0	0	0	0	0	0	94.16	0
"217"	"8057"	"Macginitiea gracilis"	"1(11),3,  5(5), 12, 15(3), 16"	0	0	0	0	0	0	0	0	0	0	0	0	0	0	0	0	69.57	4.411
"218"	"8058"	"Macginitiea gracilis"	"2(3), 29(2)"	21.05	0.027	0	0	0	0	0	0	0	0	0	0	0	0	0.128266033254157	0	69.57	4.191
"219"	"8059"	"Macginitiea gracilis"	"29(2)"	68.22	0	0	0	0.06	0	0	0	0	0	0	0	0	0	0.0879507475813544	0	69.57	4.503
"220"	"8061"	"Macginitiea gracilis"	"1(22), 2(10), 3(4), 5"	0	0	0	0	0	0	0	0	0	0	0	0	0	0	0	0	69.57	0
"221"	"8062"	"Dombeya novi-mundi"	"5(2), 14, 63"	78.41	4.716	5.532	0	0	0	0	0	0	0	0	0	0	0	13.0697615100115	0	0	0
"222"	"8064"	"Dicot sp.WR007"	"4, F, FFB"	50.02	0.309	0	0	0	0	0	0	0	2.048	0	0	0	0	0.617752898840464	0.000409436225509796	94.16	9.838
"223"	"8066"	"Dicot sp.WR007"	"2, 30(4)"	23.23	0.01	0	0	0.384	0	0	0	0	0	0	0	0	0	1.69608265174344	0	94.16	0
"224"	"8072"	"Populus cinnamomoides"	"12"	0	0	0	0	0	0	0	0	0	0	0	0	0	0	0	0	76.04	0
"225"	"8074"	"Populus cinnamomoides"	"29"	8.8	0	0	0	0.015	0	0	0	0	0	0	0	0	0	0.170454545454545	0	76.04	0
"226"	"8080"	"Dicot sp.WR007"	"30(2), 34(2)"	16.61	0	0	0	0.918	0	0	0	0.061	0	0	0	0	0	5.89403973509934	0	94.16	0
"227"	"8084"	"Dicot sp.WR028"	"5, F"	0	0	0	0	0	0	0	0	0	0	0	0	0	0	0	0	77.44	0
"228"	"8090"	"Symplocos incondita"	"29, FFB"	8.067	0	0	0	0.051	0	0	0	0	1.257	0	0	0	0	0.632205280773522	0.00155820007437709	119.37	0
"229"	"8091"	"Symplocos incondita"	"3, 12(2), 57"	37.12	1.217	0.137	0	0	0	0	0	0	0	0	0	0	0	3.64762931034483	0	119.37	0
"230"	"8092"	"Symplocos incondita"	"2(8), 3"	0	0	0	0	0	0	0	0	0	0	0	0	0	0	0	0	119.37	0
"231"	"8093"	"Symplocos incondita"	"31(3)"	11.85	0	0	0	0.069	0	0	0	0	0	0	0	0	0	0.582278481012658	0	119.37	0
"232"	"8102"	"Symplocos incondita"	"30(2)"	8.926	0	0	0.051	0	0	0	0	0	0	0	0	0	0	0.571364552991261	0	119.37	0
"233"	"8106"	"Dicot sp.WR007"	"1, 2(3)"	0	0	0	0	0	0	0	0	0	0	0	0	0	0	0	0	94.16	0
"234"	"8107"	"Dicot sp.WR028"	"0"	0	0	0	0	0	0	0	0	0	0	0	0	0	0	0	0	77.44	0
"235"	"8108"	"Dicot sp.WR007"	"30(4), FFB"	0	0	0	0	0	0	0	0	0	0	0	0	0	0	0	0	94.16	0
"236"	"8109"	"Dicot sp.WR027"	"12, 13, 30, 83"	0	0	0	0	0	0	0	0	0	0	0	0	0	0	0	0	0	0
"237"	"8110"	"Dicot sp.WR028"	"2"	92.59	0.025	0	0	0	0	0	0	0	0	0	0	0	0	0.0270007560211686	0	77.44	0
"238"	"8111"	"Dicot sp.WR007"	"2(3)"	8.52	0.074	0	0	0	0	0	0	0	0	0	0	0	0	0.868544600938967	0	94.16	0
"239"	"8112"	"Dicot sp.WR033"	"2(2), 12"	0	0	0	0	0	0	0	0	0	0	0	0	0	0	0	0	0	0
"240"	"8113"	"Dicot sp.WR007"	"110, F"	0	0	0	0	0	0	0	0	0	0	0	0	0	0	0	0	94.16	0
"241"	"8114"	"Symplocos incondita"	"1(2), 2(5), 4(5), 34(7)"	38.98	1.029	0	0	0	0	0	0	0.209	0	0	0	0	0	3.17598768599282	0	119.37	0
"242"	"8115"	"Dicot sp.WR031"	"12, 32(4)"	0	0	0	0	0	0	0	0	0	0	0	0	0	0	0	0	0	4.674
"243"	"8116"	"Symplocos incondita"	"1, 12, 30, FFB"	0	0	0	0	0	0	0	0	0	0	0	0	0	0	0	0	119.37	0
"244"	"8117"	"Dicot sp.WR028"	"12"	0	0	0	0	0	0	0	0	0	0	0	0	0	0	0	0	77.44	0
"245"	"8120"	"Dicot sp.WR028"	"2(2), 31(21)"	90.69	0.102	0	0	0	0	0	0	0.072	0	0	0	0	0	0.191862388355938	0	77.44	8.18
"246"	"8121"	"Dicot sp.WR007"	"13, 32(6)"	31.08	0	0.344	0	0	0	0	0	0.085	0	0	0	0	0	1.38030888030888	0	94.16	0
"247"	"8127"	"Dicot sp.WR029"	"3, 32(2), F"	40.18	0.061	0	0	0	0	0	0	0.155	0.401	0	0	0	0	0.537580886012942	9.98008959681434e-05	0	4.29
"248"	"8130"	"Macginitiea gracilis"	"2(2), 12"	0	0	0	0	0	0	0	0	0	0	0	0	0	0	0	0	69.57	0
"249"	"8131"	"Dicot sp.WR007"	"2(7)"	24.95	0.137	0	0	0	0	0	0	0	0	0	0	0	0	0.549098196392786	0	94.16	0
"250"	"8132.2"	"Dombeya novi-mundi"	"3(2), FFB"	0	0	0	0	0	0	0	0	0	0	0	0	0	0	0	0	0	0
"251"	"8133"	"Dombeya novi-mundi"	"2(3), 5(2), 12(2), 14"	156.44	2.99	4.82	0	0	0	0	0	0	0	0	0	0	0	4.99232932753771	0	0	0
"252"	"8136"	"Symplocos incondita"	"2, FFB"	0	0	0	0	0	0	0	0	0	0	0	0	0	0	0	0	119.37	0
"253"	"8137"	"Populus cinnamomoides"	"1, 2"	59.65	0.178	0	0	0	0	0	0	0	0	0	0	0	0	0.298407376362112	0	76.04	0
"254"	"8138"	"Dicot sp.WR033"	"12(4)"	0	0	0	0	0	0	0	0	0	0	0	0	0	0	0	0	0	0
"255"	"8141"	"Dicot sp.WR033"	"2"	0	0	0	0	0	0	0	0	0	0	0	0	0	0	0	0	0	0
"256"	"8143"	"Dicot sp.WR007"	"12(2)"	24.06	0	1.15	0	0	0	0	0	0	0	0	0	0	0	4.77971737323358	0	94.16	0
"257"	"8144"	"Dicot sp.WR007"	"4(2), 12(2)"	0	0	0	0	0	0	0	0	0	0	0	0	0	0	0	0	94.16	0
"258"	"8146"	"Dicot sp.WR007"	"30"	12.07	0	0	0	0.03	0	0	0	0	0	0	0	0	0	0.248550124275062	0	94.16	0
"259"	"8147"	"Dicot sp.WR007"	"12(2), 31, FFB"	26.43	0	1.52	0	0	0	0	0	0	0.06	0	0	0	0	5.75104048429815	2.27014755959137e-05	94.16	0
"260"	"8152"	"Macginitiea wyomingensis"	"2(2), F"	0	0	0	0	0	0	0	0	0	0	0	0	0	0	0	0	66.25	3.101
"261"	"8155"	"Dicot sp.WR007"	"12, 34, 48(6), F"	0	0	0	0	0	0	0	0	0	0	0	0	0	0	0	0	94.16	0
"262"	"8158"	"Dicot sp.WR034"	"12, F"	15.85	0.123	0	0	0	0	0	0	0	0	0	0	0	0	0.77602523659306	0	143.75	0
"263"	"8159"	"Dicot sp.WR028"	"2(3), 12, 30(10)"	0	0	0	0	0	0	0	0	0	0	0	0	0	0	0	0	77.44	0
"264"	"8162"	"Symplocos incondita"	"12(2), 13"	0	0	0	0	0	0	0	0	0	0	0	0	0	0	0	0	119.37	0
"265"	"8165"	"Dombeya novi-mundi"	"2(9), 5(3), 12(3), 13, 14, 15"	160.12	2.51	4.718	0	0	0	0	0	0	0	0	0	0	0	4.51411441418936	0	0	0
"266"	"8166"	"Dicot sp.WR007"	"12, 31(2), F"	32.56	0.177	0	0	0	0	0	0	0	0.8	0	0	0	0	0.543611793611794	0.000245700245700246	94.16	0
"267"	"8169"	"Dicot sp.WR007"	"1, 2(8), F"	19.17	0.149	0	0	0	0	0	0	0	0.106	0	0	0	0	0.777256129368805	5.52947313510694e-05	94.16	0
"268"	"8170"	"Dicot sp.WR007"	"2(2), 7, 14"	27.91	0.38	3.08	0	0	0	0	0	0	0	0	0	0	0	12.396990326048	0	94.16	0
"269"	"8173"	"Dicot sp.WR007"	"3(4), 5(2), 12"	29.39	0.316	0.036	0	0	0	0	0	0	0	0	0	0	0	1.19768628785301	0	94.16	0
"270"	"8177"	"Populus cinnamomoides"	"4(2)"	26.56	0.312	0	0	0	0	0	0	0	0	0	0	0	0	1.17469879518072	0	76.04	0
"271"	"8180"	"Dicot sp.WR007"	"2(6), 3(2), 12, 29, FFB"	45.64	0.213	0.642	0	0.131	0	0	0	0	0.03	0	0	0	0	2.1603856266433	6.57318141980719e-06	94.16	9.984
"272"	"8181"	"Dicot sp.WR007"	"65, FFB"	0	0	0	0	0	0	0	0	0	0	0	0	0	0	0	0	94.16	0
"273"	"8182"	"Dicot sp.WR007"	"31(3)"	0	0	0	0	0	0	0	0	0	0	0	0	0	0	0	0	94.16	0
"274"	"8184"	"Dicot sp.WR007"	"2, 30"	15.73	0.011	0	0	0.285	0	0	0	0	0	0	0	0	0	1.88175460902734	0	94.16	0
"275"	"8187"	"Dicot sp.WR007"	"12"	10.49	0	0.177	0	0	0	0	0	0	0	0	0	0	0	1.68732125834128	0	94.16	0
"276"	"8188"	"Apeiba improvisa"	"31(2)"	13.13	0	0	0	0.011	0	0	0	0	0	0	0	0	0	0.0837776085300838	0	71.49	0
"277"	"8191"	"Apeiba improvisa"	"1, F"	31.99	0.031	0	0	0	0	0	0	0	0.157	0	0	0	0	0.0969052829009065	4.90778368240075e-05	71.49	0
"278"	"8193"	"Dicot sp.WR033"	"13, FFB"	0	0	0	0	0	0	0	0	0	0	0	0	0	0	0	0	0	0
"279"	"8195"	"Dicot sp.WR007"	"31(4), 145,  FFB"	0	0	0	0	0	0	0	0	0	0	0	0	0	0	0	0	94.16	0
"280"	"8196"	"Dicot sp.WR028"	"110"	15.5	0	0	0	0	0	0	0	0.079	0	0	0	0	0	0.509677419354839	0	77.44	0
"281"	"8198"	"Apeiba improvisa"	"2(7), 12(2), F"	30.42	0.398	0.302	0	0	0	0	0	0	1.57	0	0	0	0	2.30111768573307	0.000516107823800131	71.49	0
"282"	"8199"	"Dicot sp.WR007"	"12(2)"	16.81	0	0.058	0	0	0	0	0	0	0	0	0	0	0	0.345032718619869	0	94.16	0
"283"	"8204"	"Populus cinnamomoides"	"34(12), F"	27.73	0	0	0	0	0	0	0	0.276	0.271	0	0	0	0	0.995311936530833	9.77280923187883e-05	76.04	6.205
"284"	"8310"	"Dicot sp.WR028"	"13, 31(4), F"	30.04	0	3.36	0	0	0	0	0	0.077	0.186	0	0	0	0	11.4414114513981	6.19174434087883e-05	77.44	7.058
"285"	"8312"	"Juglandaceae sp.WR035"	"3"	0	0	0	0	0	0	0	0	0	0	0	0	0	0	0	0	0	0
"286"	"8316"	"Dicot sp.WR007"	"2(3), 3(17)"	0	0	0	0	0	0	0	0	0	0	0	0	0	0	0	0	94.16	0
"287"	"8318"	"Juglandaceae sp.WR035"	"2(2)"	0	0	0	0	0	0	0	0	0	0	0	0	0	0	0	0	0	0
"288"	"8323"	"Dicot sp.WR033"	"2, 12, 16(2), 34(5)"	0	0	0	0	0	0	0	0	0	0	0	0	0	0	0	0	0	0
"289"	"8324"	"Apeiba improvisa"	"2, 12(2)"	7.14	0.058	0.113	0	0	0	0	0	0	0	0	0	0	0	2.39495798319328	0	71.49	0
"290"	"8328"	"Apeiba improvisa"	"5, FFB"	0	0	0	0	0	0	0	0	0	0	0	0	0	0	0	0	71.49	0
"291"	"8330"	"Dicot sp.WR007"	"13"	6.301	0	0.025	0	0	0	0	0	0	0	0	0	0	0	0.396762418663704	0	94.16	0
"292"	"8333"	"Apeiba improvisa"	"1(6), 3, 10, 32(6), 100"	27.2	0.051	0.411	0	0	0	0.155	0.057	0.025	0	0	0	0	0	2.56985294117647	0	71.49	7.997
"293"	"8334"	"Apeiba improvisa"	"145, F"	39.95	0	0	0	0	0	0	0	0.033	4.41	0	0	0	0	0.0826032540675845	0.00110387984981227	71.49	0
"294"	"8337"	"Symplocos incondita"	"5, FFB"	17.23	1.14	0	0	0	0	0	0	0	1.69	0	0	0	0	6.61636680208938	0.00098084735925711	119.37	0
"295"	"8339"	"Symplocos incondita"	"13"	16.11	0	0.852	0	0	0	0	0	0	0	0	0	0	0	5.28864059590317	0	119.37	0
"296"	"8342"	"Dicot sp.WR033"	"2, FFB"	0	0	0	0	0	0	0	0	0	0	0	0	0	0	0	0	0	0
"297"	"8344"	"Dombeya novi-mundi"	"65"	57.4	0	0	0	0	0	0	2.11	0	0	0	0	0	0	3.67595818815331	0	0	0
"298"	"8345"	"Dicot sp.WR007"	"31"	32.54	0	0	0	0.594	0	0	0	0	0	0	0	0	0	1.82544560540873	0	94.16	0
"299"	"8348"	"Symplocos incondita"	"2, 34(6), F"	0	0	0	0	0	0	0	0	0	0	0	0	0	0	0	0	119.37	0
"300"	"8350"	"Apeiba improvisa"	"2, 12(3), 13, 34(3), F"	52.4	0.024	1.74	0	0	0	0	0	0.059	0	0	0	0	0	3.47900763358779	0	71.49	0
"301"	"8351"	"Dicot sp.WR029"	"4(2), 16"	0	0	0	0	0	0	0	0	0	0	0	0	0	0	0	0	0	0
"302"	"8353"	"Apeiba improvisa"	"2(2), 122(2)"	33.36	0.047	0	0	0	0	0	0	0.08	0	0	0	0	0	0.380695443645084	0	71.49	0
"303"	"8355"	"Dombeya novi-mundi"	"2, 3, 12"	0	0	0	0	0	0	0	0	0	0	0	0	0	0	0	0	0	0
"304"	"8356"	"Dicot sp.WR030"	"2(3), 3"	0	0	0	0	0	0	0	0	0	0	0	0	0	0	0	0	0	0
"305"	"8358"	"Symplocos incondita"	"2, 14"	0	0	0	0	0	0	0	0	0	0	0	0	0	0	0	0	119.37	0
"306"	"8360"	"Symplocos incondita"	"2, 34, FFB"	8.95	0.008	0	0	0	0	0	0	0.003	0.528	0	0	0	0	0.122905027932961	0.000589944134078212	119.37	0
"307"	"8366"	"Dicot sp.WR007"	"12(2), 63"	6.66	0.052	0.019	0	0	0	0	0	0	0	0	0	0	0	1.06606606606607	0	94.16	0
"308"	"8369"	"Dicot sp.WR007"	"4, 31, FFB"	35.04	0.152	0	0	0	0	0	0	0	0	0	0	0	0	0.4337899543379	0	94.16	0
"309"	"8370"	"Dicot sp.WR007"	"3(2), 12"	9.713	0.062	0.023	0	0	0	0	0	0	0	0	0	0	0	0.875115824153197	0	94.16	0
"310"	"8371"	"Symplocos incondita"	"1(4), 2, 3(2), F"	6.28	0.049	0	0	0	0	0	0	0	0.395	0	0	0	0	0.780254777070064	0.000628980891719745	119.37	0
"311"	"8373"	"Dicot sp.WR007"	"28, FFB"	15.21	0	0	0	0.958	0	0	0	0	0.015	0	0	0	0	6.29848783694938	9.86193293885601e-06	94.16	9.832
"312"	"8374"	"Dicot sp.WR007"	"2(2), 5, 14"	26.84	0.57	2.99	0	0	0	0	0	0	0	0	0	0	0	13.2637853949329	0	94.16	0
"313"	"8376"	"Dicot sp.WR007"	"12, FFB"	21.42	0	0.172	0	0	0	0	0	0	0.059	0	0	0	0	0.802987861811391	2.75443510737628e-05	94.16	0
"314"	"8377"	"Symplocos incondita"	"1(3), 3(7), 5(2), 12(4), 83, 110, FFB"	33.4	1.26	0.213	0	0	0	0	0	0.388	0.213	0	0	0	0	5.57185628742515	6.37724550898204e-05	119.37	6.94
"315"	"8378"	"Dicot sp.WR007"	"2(5), 5, 8, 13"	17.4	0.424	0.915	0	0	0	0	0	0	0	0	0	0	0	7.69540229885058	0	94.16	0
"316"	"8380"	"Dicot sp.WR007"	"2, FFB"	22.89	0.091	0	0	0	0	0	0	0	0.212	0	0	0	0	0.397553516819572	9.26168632590651e-05	94.16	0
"317"	"8386"	"Dicot sp.WR007"	"12, FFB"	15.974	0	0.142	0	0	0	0	0	0	0.0391	0	0	0	0	0.888944534869162	2.44772755728058e-05	94.16	0
"318"	"8387"	"Macginitiea gracilis"	"2(110)"	68.78	0	0	0	0	0	0	0	0.987	0	0	0	0	0	1.43501017737714	0	69.57	0
"319"	"8600"	"Apeiba improvisa"	"2(3), FFB"	17.306	0.21	0	0	0	0	0	0	0	0.128	0	0	0	0	1.21345198197157	7.39627874725529e-05	71.49	6.197
"320"	"8602"	"Populus cinnamomoides"	"32(6), FFB"	49.42	0	0	0	0	0	0	0	0.127	1.168	0	0	0	0	0.256980979360583	0.000236341562120599	76.04	0
"321"	"8603"	"Populus cinnamomoides"	"2(3), 29(3)"	50.82	0.103	0	0	0.074	0	0	0	0	0	0	0	0	0	0.348288075560803	0	76.04	0
"322"	"8604"	"Populus cinnamomoides"	"29, FFB"	31.06	0	0	0	0.471	0	0	0	0	3.48	0	0	0	0	1.5164198325821	0.00112041210560206	76.04	0
"323"	"8605"	"Populus cinnamomoides"	"2(3)"	21.7	0.029	0	0	0	0	0	0	0	0	0	0	0	0	0.133640552995392	0	76.04	0
"324"	"8606"	"Macginitiea gracilis"	"2(2)"	0	0	0	0	0	0	0	0	0	0	0	0	0	0	0	0	69.57	0
"325"	"8607"	"Macginitiea gracilis"	"1(7), 2(5)"	0	0	0	0	0	0	0	0	0	0	0	0	0	0	0	0	69.57	5.504
"326"	"8608"	"Dicot sp.WR033"	"12, 29(2)"	0	0	0	0	0	0	0	0	0	0	0	0	0	0	0	0	0	0
"327"	"8609"	"Dicot sp.WR033"	"3"	0	0	0	0	0	0	0	0	0	0	0	0	0	0	0	0	0	0
"328"	"8610"	"Symplocos incondita"	"2, 12, 34(2), F, FFB"	26.83	0.027	0.234	0	0	0	0	0	0.014	0.192	0	0	0	0	1.02497204621692	7.15616846813269e-05	119.37	7.253
"329"	"8612"	"Dicot sp.WR029"	"12"	0	0	0	0	0	0	0	0	0	0	0	0	0	0	0	0	0	0
"330"	"8613"	"Symplocos incondita"	"2"	4.71	0.007	0	0	0	0	0	0	0	0	0	0	0	0	0.148619957537155	0	119.37	0
"331"	"8616"	"Dicot sp.WR007"	"12, 32(7), FFB"	25.57	0	0.141	0	0	0	0	0	0.031	0.067	0	0	0	0	0.67266327727806	2.62025811497849e-05	94.16	0
"332"	"8617"	"Dicot sp.WR028"	"30"	0	0	0	0	0	0	0	0	0	0	0	0	0	0	0	0	77.44	0
"333"	"8618"	"Dicot sp.WR028"	"2(4), 4, 12, FFB"	0	0	0	0	0	0	0	0	0	0	0	0	0	0	0	0	77.44	0
"334"	"8619"	"Dicot sp.WR007"	"2(2), 63, FFB"	0	0	0	0	0	0	0	0	0	0	0	0	0	0	0	0	94.16	0
"335"	"8621"	"Dicot sp.WR007"	"36"	8.58	0	0	0	0	0	0	0.171	0	0	0	0	0	0	1.99300699300699	0	94.16	0
"336"	"8622"	"Dicot sp.WR007"	"FFB"	9.61	0	0	0	0	0	0	0	0	0.449	0	0	0	0	0	0.000467221644120708	94.16	0
"337"	"8623"	"Dicot sp.WR007"	"2, 36"	21.97	0.04	0	0	0	0	0	0	0	0	0	0	0	0	0.182066454255803	0	94.16	0
"338"	"8624"	"Dicot sp.WR007"	"14"	0	0	0	0	0	0	0	0	0	0	0	0	0	0	0	0	94.16	0
"339"	"8625"	"Dicot sp.WR007"	"2(2), 12(4), 46(3)"	13.48	0.136	0.215	0	0	0	0	0	0	0	0	0	0	0	2.60385756676558	0	94.16	0
"340"	"8627"	"Dicot sp.WR007"	"2(11), 4, 12(3)"	14.61	0.325	0.524	0	0	0	0	0	0	0	0	0	0	0	5.81108829568788	0	94.16	0
"341"	"8631"	"Dicot sp.WR007"	"31, 100"	11.62	0	0	0	0.038	0	0.16	0	0	0	0	0	0	0	1.7039586919105	0	94.16	0
"342"	"8632"	"Dicot sp.WR007"	"2(5), 12, 63"	0	0	0	0	0	0	0	0	0	0	0	0	0	0	0	0	94.16	0
"343"	"8633"	"Dicot sp.WR007"	"2(2), 12"	15.72	0.231	0.497	0	0	0	0	0	0	0	0	0	0	0	4.63104325699746	0	94.16	0
"344"	"8637"	"Dicot sp.WR032"	"12, 14, FFB"	0	0	0	0	0	0	0	0	0	0	0	0	0	0	0	0	0	6.286
"345"	"8640"	"Macginitiea wyomingensis"	"2, 15, 29(2)"	0	0	0	0	0	0	0	0	0	0	0	0	0	0	0	0	66.25	0
"346"	"8643"	"Dicot sp.WR029"	"2(2)"	0	0	0	0	0	0	0	0	0	0	0	0	0	0	0	0	0	4.578
"347"	"8648"	"Symplocos incondita"	"1(2), F"	22.87	0.028	0	0	0	0	0	0	0	0.625	0	0	0	0	0.122431132487976	0.000273283777874945	119.37	6.409
"348"	"8797"	"Dombeya novi-mundi"	"2(6), 12, 14, F"	0	0	0	0	0	0	0	0	0	0	0	0	0	0	0	0	0	0
"349"	"8818"	"Platanites raynoldsii"	"1(4), 2(8), 5(2), 12"	0	0	0	0	0	0	0	0	0	0	0	0	0	0	0	0	58.68	0
"350"	"9018"	"Macginitiea gracilis"	"2(2), 8, 12(2), 16, 50"	208.21	0.494	0.739	2.32	0	0	0	0	0	0	0	0	0	0	1.70645021852937	0	69.57	0
"351"	"9019"	"Macginitiea wyomingensis"	"2, 7(5)"	22.47	0.061	0	0	0	0	0	0	0	0	0	0	0	0	0.271473075211393	0	66.25	5.31
"352"	"9020"	"Macginitiea gracilis"	"2, 5, 8"	105.28	0.16	0	0	0	0	0	0	0	0	0	0	0	0	0.151975683890578	0	69.57	0
"353"	"9021"	"Dombeya novi-mundi"	"1, 2(13), 12"	134.45	0.191	0.039	0	0	0	0	0	0	0	0	0	0	0	0.171067311268129	0	0	0
"354"	"9024"	"Populus cinnamomoides"	"FFB"	42.98	0	0	0	0	0	0	0	0	0.065	0	0	0	0	0	1.51233131689158e-05	76.04	0
"355"	"9027"	"Apeiba improvisa"	"1(5), 2(2), 29(3), 32(3), 57, F, FFB"	0	0	0	0	0	0	0	0	0	0	0	0	0	0	0	0	71.49	0
"356"	"9028"	"Apeiba improvisa"	"12, FFB"	20.79	0.017	0	0	0	0	0	0	0	0.124	0	0	0	0	0.0817700817700818	5.96440596440596e-05	71.49	7.8
"357"	"9029"	"Dicot sp.WR032"	"50, 145"	0	0	0	0	0	0	0	0	0	0	0	0	0	0	0	0	0	0
"358"	"9030"	"Symplocos incondita"	"2(2), 34, 83"	30.42	0.034	0	0	0	0	0	0	0.019	0	0	0	0	0	0.17422748191979	0	119.37	6.392
"359"	"9031"	"Dicot sp.WR007"	"30(9)"	0	0	0	0	0	0	0	0	0	0	0	0	0	0	0	0	94.16	0
"360"	"9032"	"Dicot sp.WR007"	"31(2)"	0	0	0	0	0	0	0	0	0	0	0	0	0	0	0	0	94.16	0
"361"	"9033"	"Dicot sp.WR007"	"4, 13, FFB"	0	0	0	0	0	0	0	0	0	0	0	0	0	0	0	0	94.16	0
"362"	"9035"	"Symplocos incondita"	"2(3)"	0	0	0	0	0	0	0	0	0	0	0	0	0	0	0	0	119.37	0
"363"	"9036"	"Dicot sp.WR007"	"13, 14, FFB"	0	0	0	0	0	0	0	0	0	0	0	0	0	0	0	0	94.16	0
"364"	"9039"	"Dicot sp.WR007"	"8, 12"	41.08	0.017	0.049	0	0	0	0	0	0	0	0	0	0	0	0.160662122687439	0	94.16	0
"365"	"9052"	"Dicot sp.WR007"	"32(3)"	8.2	0	0	0	0	0	0	0	0.13	0	0	0	0	0	1.58536585365854	0	94.16	0
"366"	"9053"	"Populus cinnamomoides"	"2"	0	0	0	0	0	0	0	0	0	0	0	0	0	0	0	0	76.04	0
"367"	"9054"	"Dombeya novi-mundi"	"32(4), 34(5)"	0	0	0	0	0	0	0	0	0	0	0	0	0	0	0	0	0	0
"368"	"9056"	"Dicot sp.WR007"	"12, 13"	9.32	0	0.719	0	0	0	0	0	0	0	0	0	0	0	7.71459227467811	0	94.16	0
"369"	"9058"	"Dicot sp.WR033"	"3"	0	0	0	0	0	0	0	0	0	0	0	0	0	0	0	0	0	0
"370"	"9061"	"Dicot sp.WR027"	"1, 13, 57(2)"	0	0	0	0	0	0	0	0	0	0	0	0	0	0	0	0	0	0
"371"	"9062"	"Symplocos incondita"	"2, 3(4), 4(2)"	12.32	0.313	0	0	0	0	0	0	0	0	0	0	0	0	2.54058441558442	0	119.37	0
"372"	"9063"	"Dicot sp.WR007"	"3, 4"	13.08	0.265	0	0	0	0	0	0	0	0	0	0	0	0	2.02599388379205	0	94.16	0
"373"	"9066"	"Dicot sp.WR031"	"2, 3"	0	0	0	0	0	0	0	0	0	0	0	0	0	0	0	0	0	0
"374"	"9070"	"Macginitiea wyomingensis"	"2"	40.372	0.049	0	0	0	0	0	0	0	0	0	0	0	0	0.121371247399188	0	66.25	0
"375"	"9071"	"Macginitiea gracilis"	"2, 8, 12, 29 (3)"	73.9	0.27	1.19	0	0.042	0	0	0	0	0	0	0	0	0	2.03247631935047	0	69.57	0
"376"	"9072"	"Dicot sp.WR029"	"2, 30(3), F"	0	0	0	0	0	0	0	0	0	0	0	0	0	0	0	0	0	0
"377"	"9074"	"Dicot sp.WR033"	"3"	0	0	0	0	0	0	0	0	0	0	0	0	0	0	0	0	0	0
"378"	"10150"	"Dicot sp.WR007"	"12"	15.22	0	0.375	0	0	0	0	0	0	0	0	0	0	0	2.46386333771353	0	94.16	0
"379"	"10152"	"Dombeya novi-mundi"	"2(2), F"	0	0	0	0	0	0	0	0	0	0	0	0	0	0	0	0	0	0
"380"	"10154"	"Dicot sp.WR034"	"2, 12"	7.273	0.012	0.167	0	0	0	0	0	0	0	0	0	0	0	2.461157706586	0	143.75	0
"381"	"10156"	"Dicot sp.WR007"	"2"	33.2	0.053	0	0	0	0	0	0	0	0	0	0	0	0	0.159638554216867	0	94.16	0
"382"	"10157"	"Dicot sp.WR007"	"2(2)"	45.79	0.047	0	0	0	0	0	0	0	0	0	0	0	0	0.102642498362088	0	94.16	0
"383"	"10159"	"Apeiba improvisa"	"16"	36.83	0	0	0.499	0	0	0	0	0	0	0	0	0	0	1.35487374423025	0	71.49	0
"384"	"10161"	"Dicot sp.WR007"	"12"	34.86	0	1.34	0	0	0	0	0	0	0	0	0	0	0	3.84394721744119	0	94.16	0
"385"	"10162"	"Dombeya novi-mundi"	"2(2), 25(2)"	67.2	0.045	0	0	0.132	0	0	0	0	0	0	0	0	0	0.263392857142857	0	0	0
"386"	"10163"	"Platanites raynoldsii"	"2(2)"	0	0	0	0	0	0	0	0	0	0	0	0	0	0	0	0	58.68	0
"387"	"10164"	"Dombeya novi-mundi"	"2, 5, FFB"	0	0	0	0	0	0	0	0	0	0	0	0	0	0	0	0	0	0
"388"	"10166"	"Apeiba improvisa"	"2(2), 5, 12(2)"	14.22	0.163	0.195	0	0	0	0	0	0	0	0	0	0	0	2.51758087201125	0	71.49	0
"389"	"10167"	"Apeiba improvisa"	"2(4), 3(2), 12(2), 46(13)"	29.58	1.161	0	0	0	0.043	0	0	0	0	0	0	0	0	4.07031778228533	0	71.49	0
"390"	"41867"	"Dicot sp.WR007"	"12, 14"	14.4	0	1.83	0	0	0	0	0	0	0	0	0	0	0	12.7083333333333	0	94.16	0
"391"	"41868"	"Dicot sp.WR031"	"2(8), 3(3), 5(3), 12, FFB"	0	0	0	0	0	0	0	0	0	0	0	0	0	0	0	0	0	0
"392"	"41869"	"Dicot sp.WR007"	"8(2)"	50.26	0	0	0	0	0	0	0	0	0	0	0	0	0	0	0	94.16	0
"393"	"41873"	"Macginitiea gracilis"	"2(2), 4"	0	0	0	0	0	0	0	0	0	0	0	0	0	0	0	0	69.57	0
"394"	"41876"	"Juglandaceae sp.WR035"	"3(2)"	0	0	0	0	0	0	0	0	0	0	0	0	0	0	0	0	0	5.684
"395"	"41877"	"Dicot sp.WR029"	"17, 33"	0	0	0	0	0	0	0	0	0	0	0	0	0	0	0	0	0	0
"396"	"41878"	"Dicot sp.WR033"	"2"	0	0	0	0	0	0	0	0	0	0	0	0	0	0	0	0	0	0
"397"	"41880"	"Dicot sp.WR027"	"1(2), 2(11), 36(4)"	0	0	0	0	0	0	0	0	0	0	0	0	0	0	0	0	0	0
"398"	"41882"	"Dicot sp.WR029"	"2, 5, 12(3)"	0	0	0	0	0	0	0	0	0	0	0	0	0	0	0	0	0	4.451
"399"	"41886"	"Dicot sp.WR032"	"30(3)"	0	0	0	0	0	0	0	0	0	0	0	0	0	0	0	0	0	5.619
"400"	"41887"	"Populus cinnamomoides"	"2(2), F, FFB"	34.14	0.06	0	0	0	0	0	0	0	0.551	0	0	0	0	0.175746924428822	0.000161394258933802	76.04	5.849
"401"	"41889"	"Dicot sp.WR028"	"2(8), 4, FFB"	53.38	0.771	0	0	0	0	0	0	0	1.476	0	0	0	0	1.44436118396403	0.00027650805545148	77.44	0
"402"	"10160.1(drk)"	"Symplocos incondita"	"2(2), 16(2), F"	15.36	0.01	0	0.062	0	0	0	0	0	1.53	0	0	0	0	0.46875	0.00099609375	119.37	0
"403"	"10160.2(lght)"	"Symplocos incondita"	"118(2), FFB"	18.84	0	0	0	0	0.037	0	0	0	0	0	0	0	0	0.196390658174098	0	119.37	0
"404"	"5726(light)"	"Apeiba improvisa"	"1(2), 3, 12(4), 29(60), FFB"	0	0	0	0	0	0	0	0	0	0	0	0	0	0	0	0	71.49	0
"405"	"5726.1(dark)"	"Apeiba improvisa"	"1(2), 16(4)"	74.46	0.007	0	4.39	0	0	0	0	0	0	0	0	0	0	5.90518399140478	0	71.49	0
"406"	"5739+7050"	"Apeiba improvisa"	"2(2), 3, 12, 13, FFB"	33.82	0.022	1.02	0	0	0	0	0	0	0.02	0	0	0	0	3.08101714961561	5.91366055588409e-06	71.49	0
"407"	"5774.1(drk)"	"Dicot sp.WR028"	"12"	34.52	0	0.08	0	0	0	0	0	0	0	0	0	0	0	0.231749710312862	0	77.44	0
"408"	"5774.2(lght)"	"Dicot sp.WR028"	"1, 32"	20.76	0.004	0	0	0	0	0	0	0.003	0	0	0	0	0	0.0337186897880539	0	77.44	0
"409"	"5797.1(entire)"	"Populus cinnamomoides"	"2, 5, 30"	27.29	0.074	0	0	0.208	0	0	0	0	0	0	0	0	0	1.03334554781971	0	76.04	0
"410"	"5797.2(partial, p/cp)"	"Populus cinnamomoides"	"1, 2, F"	44.81	0.038	0	0	0	0	0	0	0	0.328	0	0	0	0	0.0848024994420888	7.31979468868556e-05	76.04	0
"411"	"5799.1(high)"	"Populus cinnamomoides"	"1, 2, 17(4), 24(7), 29, FFB"	0	0	0	0	0	0	0	0	0	0	0	0	0	0	0	0	76.04	0
"412"	"5799.2(low)"	"Populus cinnamomoides"	"1, 2, 4, 16(3)"	0	0	0	0	0	0	0	0	0	0	0	0	0	0	0	0	76.04	0
"413"	"5808.1(sm)"	"Populus cinnamomoides"	"2, 17(4), FFB"	57.07	0.251	0	0	0	0	0	0	0	0.12	0	0	0	0	0.439810758717365	2.10268091817067e-05	76.04	0
"414"	"5808.2(lg)"	"Populus cinnamomoides"	"1, 2(2), 30, FFB"	110.25	0.068	0	0	0.521	0	0	0	0	0.565	0	0	0	0	0.534240362811791	5.12471655328798e-05	76.04	0
"415"	"5839+5825"	"Dicot sp.WR007"	"8"	33.75	0.005	0	0	0	0	0	0	0	0	0	0	0	0	0.0148148148148148	0	94.16	0
"416"	"5870.1(lg)+7048"	"Platanites raynoldsii"	"2(2)"	20.2	0.017	0	0	0	0	0	0	0	0	0	0	0	0	0.0841584158415842	0	58.68	0
"417"	"5870.2(sm)"	"Platanites raynoldsii"	"1(2)"	10.42	0.011	0	0	0	0	0	0	0	0	0	0	0	0	0.105566218809981	0	58.68	0
"418"	"5873+7036"	"Platanites raynoldsii"	"1(2), 2(3)"	78.14	0.031	0	0	0	0	0	0	0	0	0	0	0	0	0.0396723829024827	0	58.68	0
"419"	"5877.1(lg)"	"Platanites raynoldsii"	"13"	30.62	0	0.687	0	0	0	0	0	0	0	0	0	0	0	2.24363161332462	0	58.68	0
"420"	"5888+5944"	"Macginitiea gracilis"	"2(5)"	55.46	0.115	0	0	0	0	0	0	0	0	0	0	0	0	0.207356653443924	0	69.57	0
"421"	"5983+5955"	"Dicot sp.WR029"	"3"	73.32	0.012	0	0	0	0	0	0	0	0	0	0	0	0	0.016366612111293	0	0	0
"422"	"7036.1(wide)"	"Platanites raynoldsii"	"32(2)"	80.24	0	0	0	0	0	0	0	0.009	0	0	0	0	0	0.0112163509471585	0	58.68	0
"423"	"7040.1(lg)"	"Dicot sp.WR007"	"2, FFB"	10.69	0	0	0	0	0	0	0	0	0.003	0	0	0	0	0	2.80636108512629e-06	94.16	0
"424"	"7924+5767"	"Apeiba improvisa"	"1, 3, 5, 7"	29.09	0.613	0	0	0	0	0	0	0	0	0	0	0	0	2.10725335166724	0	71.49	0
"425"	"7932+7028.1(lg)"	"Dicot sp.WR029"	"12, 32(11)"	57.62	0	0.669	0	0	0	0	0	0.105	0	0	0	0	0	1.34328358208955	0	0	0
"426"	"7932+7028.2(sm)"	"Dicot sp.WR007"	"2(11) , 4(3), 5(5), 12(4), 14"	31.75	3.51	3.53	0	0	0	0	0	0	0	0	0	0	0	22.1732283464567	0	94.16	0
"427"	"7937.2(pinnate)"	"Apeiba improvisa"	"13, FFB"	51.63	0	3.01	0	0	0	0	0	0	0.138	0	0	0	0	5.82994383110595	2.67286461359675e-05	71.49	0
"428"	"7947+7952"	"Symplocos incondita"	"2(2), 13, 30, 31"	15.39	0.02	0.441	0	0.258	0	0	0	0	0	0	0	0	0	4.67186484730344	0	119.37	0
"429"	"7965+7962"	"Dicot sp.WR028"	"1(10), 12, FFB"	39.28	0.057	0.826	0	0	0	0	0	0	0.052	0	0	0	0	2.2479633401222	1.32382892057026e-05	77.44	0
"430"	"7975.1(lg)"	"Dicot sp.WR028"	"2(3), 12, 31"	48.51	0.053	0.552	0	0.008	0	0	0	0	0	0	0	0	0	1.26365697794269	0	77.44	0
"431"	"7975.3(sm)"	"Dicot sp.WR028"	"2(7), 12"	17.91	0.093	0.261	0	0	0	0	0	0	0	0	0	0	0	1.97654941373534	0	77.44	0
"432"	"7977+7923"	"Dicot sp.WR029"	"2, 30(2)"	78.03	0.017	0	0	0.165	0	0	0	0	0	0	0	0	0	0.233243624247084	0	0	0
"433"	"7978.1(lg)"	"Dicot sp.WR031"	"2(11), 5, 8(2), 12"	166.3	5.59	2.9	0	0	0	0	0	0	0	0	0	0	0	5.1052315093205	0	0	0
"434"	"7978.2(lght)"	"Symplocos incondita"	"2(3), 8, 12(2), 32(15)"	45.07	0.285	0.671	0	0	0	0	0	0.075	0	0	0	0	0	2.28755269580652	0	119.37	0
"435"	"8011.1(lg)+8150"	"Macginitiea gracilis"	"2(6), 50"	110.62	0.376	0	0	0	0	0	0	0	0	0	0	0	0	0.339902368468631	0	69.57	0
"436"	"8041.1 (lg)"	"Macginitiea gracilis"	"1(3), 2(2)"	114.96	0.046	0	0	0	0	0	0	0	0	0	0	0	0	0.0400139178844816	0	69.57	0
"437"	"8041.2 (m)"	"Macginitiea gracilis"	"1"	80.02	0.012	0	0	0	0	0	0	0	0	0	0	0	0	0.0149962509372657	0	69.57	0
"438"	"8046+8014"	"Dicot sp.WR028"	"2, 12"	56.52	0.035	0.91	0	0	0	0	0	0	0	0	0	0	0	1.67197452229299	0	77.44	0
"439"	"8063.1(full)"	"Dicot sp.WR007"	"2(2), 29"	27.21	0.032	0	0	0.05	0	0	0	0	0	0	0	0	0	0.301359794193311	0	94.16	0
"440"	"8063.2(dark)"	"Dicot sp.WR007"	"34(5), FFB"	0	0	0	0	0	0	0	0	0	0	0	0	0	0	0	0	94.16	0
"441"	"8063.3(lg)"	"Dicot sp.WR007"	"1, 30, FFB"	0	0	0	0	0	0	0	0	0	0	0	0	0	0	0	0	94.16	0
"442"	"8063.4(med)"	"Dicot sp.WR007"	"2(2)"	14.38	0.029	0	0	0	0	0	0	0	0	0	0	0	0	0.201668984700974	0	94.16	0
"443"	"8067.1(lght)"	"Dicot sp.WR007"	"2, 32(11), FFB"	33.99	0.021	0	0	0	0	0	0	0.033	0.015	0	0	0	0	0.158870255957635	4.41306266548985e-06	94.16	0
"444"	"8071.1(has petiole)"	"Populus cinnamomoides"	"2(2)"	53.04	0.062	0	0	0	0	0	0	0	0	0	0	0	0	0.116892911010558	0	76.04	0
"445"	"8087.2(lght)"	"Dicot sp.WR033"	"2(2), 12, 29"	30.05	0.016	0.018	0	0.059	0	0	0	0	0	0	0	0	0	0.309484193011647	0	0	0
"446"	"8088.1(dark)"	"Symplocos incondita"	"12(2), F, FFB"	19.82	0	0.406	0	0	0	0	0	0	0.37	0	0	0	0	2.04843592330979	0.000186680121089808	119.37	0
"447"	"8122+8171"	"Juglandaceae sp.WR035"	"30(2)"	0	0	0	0	0	0	0	0	0	0	0	0	0	0	0	0	0	0
"448"	"8123+8354"	"Apeiba improvisa"	"2(2)"	40.38	0.019	0	0	0	0	0	0	0	0	0	0	0	0	0.0470529965329371	0	71.49	0
"449"	"8132.1 (lg)"	"Macginitiea gracilis"	"1(4), 2(2), 3(2), 7, 12"	135.52	0.681	0.014	0	0	0	0	0	0	0	0	0	0	0	0.512839433293979	0	69.57	0
"450"	"8142.1+8037.1(full)"	"Symplocos incondita"	"32(4), F"	21.47	0	0	0	0	0	0	0	0.032	0.177	0	0	0	0	0.149045179319981	8.24406148113647e-05	119.37	0
"451"	"8142.2+8037.2(part)"	"Symplocos incondita"	"12(3), 31(2), F"	26.12	0	1.165	0	0.068	0	0	0	0	0	0	0	0	0	4.72052067381317	0	119.37	0
"452"	"8151.3(entire)"	"Symplocos incondita"	"3, F"	24.64	0.058	0	0	0	0	0	0	0	0.123	0	0	0	0	0.23538961038961	4.99188311688312e-05	119.37	0
"453"	"8160+8322"	"Dicot sp.WR033"	"2(8), 14"	5.63	0.036	1.06	0	0	0	0	0	0	0	0	0	0	0	19.4671403197158	0	0	0
"454"	"8161.1(drk)"	"Dicot sp.WR033"	"12, 13, 29(3)"	9.19	0	0.212	0	0.006	0	0	0	0	0	0	0	0	0	2.3721436343852	0	0	0
"455"	"8161.2(lght)"	"Dicot sp.WR007"	"12"	9.224	0	0.006	0	0	0	0	0	0	0	0	0	0	0	0.0650477016478751	0	94.16	0
"456"	"8165+8083"	"Dombeya novi-mundi"	"2(4), 63(2)"	163.12	5.709	0	0	0	0	0	0	0	0	0	0	0	0	3.49987739087788	0	0	0
"457"	"8174+8615"	"Dicot sp.WR007"	"2, 12, 13"	21.19	0.022	0.365	0	0	0	0	0	0	0	0	0	0	0	1.82633317602643	0	94.16	0
"458"	"8178.1(lg)"	"Dicot sp.WR007"	"2(8), 4, 12"	21.96	0.202	0.298	0	0	0	0	0	0	0	0	0	0	0	2.27686703096539	0	94.16	0
"459"	"8178.2(sm)"	"Dicot sp.WR007"	"2, 4, 12, 46(6)"	10.63	0.112	0.556	0	0	0.003	0	0	0	0	0	0	0	0	6.31232361241769	0	94.16	0
"460"	"8183.1(lg)"	"Dicot sp.WR007"	"1, 2(22), 3"	31.19	0.17	0	0	0	0	0	0	0	0	0	0	0	0	0.545046489259378	0	94.16	0
"461"	"8186+8119"	"Dicot sp.WR007"	"3(5), 5, 13"	23.806	1.1	1.3	0	0	0	0	0	0	0	0	0	0	0	10.081492060825	0	94.16	0
"462"	"8189.1(lg)"	"Apeiba improvisa"	"29(2)"	25.66	0	0	0	0.043	0	0	0	0	0	0	0	0	0	0.167575993764614	0	71.49	0
"463"	"8205.1(lg)"	"Macginitiea wyomingensis"	"2(2)"	64.35	0.123	0	0	0	0	0	0	0	0	0	0	0	0	0.191142191142191	0	66.25	0
"464"	"8313+8118"	"Dicot sp.WR028"	"31(2), 43(2), F"	29.84	0	0	0	0.151	0	0	0.203	0	0	0	0	0	0	1.18632707774799	0	77.44	0
"465"	"8338.1(drk)"	"Dicot sp.WR007"	"2, 8"	16.05	0.08	0	0	0	0	0	0	0	0	0	0	0	0	0.498442367601246	0	94.16	0
"466"	"8338.2(lght)"	"Dicot sp.WR007"	"8, 12, FFB"	0	0	0	0	0	0	0	0	0	0	0	0	0	0	0	0	94.16	0
"467"	"8343+8101"	"Dicot sp.WR033"	"30"	7.896	0	0	0	0.014	0	0	0	0	0	0	0	0	0	0.177304964539007	0	0	0
"468"	"8364.1(lg)"	"Juglandaceae sp.WR035"	"2"	41.32	0.012	0	0	0	0	0	0	0	0	0	0	0	0	0.0290416263310745	0	0	0
"469"	"8383+8384"	"Dicot sp.WR007"	"12, FFB"	41.68	0	0.168	0	0	0	0	0	0	0.0149	0	0	0	0	0.403071017274472	3.57485604606526e-06	94.16	0
"470"	"8389.1(lg)"	"Macginitiea gracilis"	"1(26),2(33),4(4),5,7(11),50(4),57"	0	0	0	0	0	0	0	0	0	0	0	0	0	0	0	0	69.57	0
"471"	"8389.2(sm)"	"Macginitiea wyomingensis"	"13(2)"	0	0	0	0	0	0	0	0	0	0	0	0	0	0	0	0	66.25	0
"472"	"8641+8388"	"Macginitiea wyomingensis"	"2, 8, 16"	57.17	0.255	0	0.233	0	0	0	0	0	0	0	0	0	0	0.853594542592269	0	66.25	0
"473"	"8849+7046"	"Populus cinnamomoides"	"1(13), 2(46), 3, 5, 8, F"	57.46	0.757	0	0	0	0	0	0	0	0.007	0	0	0	0	1.31743821789071	1.21823877479986e-06	76.04	0
"474"	"9017+9038"	"Dicot sp.WR007"	"57, F"	53.67	0.254	0	0	0	0	0	0	0	1.11	0	0	0	0	0.473262530277622	0.000206819452207937	94.16	0
"475"	"9022(lg)"	"Populus cinnamomoides"	"2(6), 8, F"	79.43	0.1	0	0	0	0	0	0	0	0.129	0	0	0	0	0.125897016240715	1.62407150950522e-05	76.04	0
"476"	"9022.2(sm)"	"Macginitiea gracilis"	"2(5), 4, 12, 63"	53.24	1.607	0	0	0	0	0	0	0	0	0	0	0	0	3.01840721262209	0	69.57	0
"477"	"9549.1(lg)"	"Dombeya novi-mundi"	"2, 57"	0	0	0	0	0	0	0	0	0	0	0	0	0	0	0	0	0	0
"478"	"8151.1(lg)"	"Macginitiea wyomingensis"	""	42.36	0	0	0	0	0	0	0	0	0	0	0	0	0	0	0	66.25	0
"479"	"8060"	"Macginitiea wyomingensis"	""	6.209	0	0	0	0	0	0	0	0	0	0	0	0	0	0	0	66.25	4.618
"480"	"8642.2(sm)"	"Macginitiea wyomingensis"	""	0	0	0	0	0	0	0	0	0	0	0	0	0	0	0	0	66.25	0
"481"	"5884"	"Macginitiea gracilis"	""	39.74	0	0	0	0	0	0	0	0	0	0	0	0	0	0	0	69.57	0
"482"	"8639"	"Macginitiea gracilis"	""	48.52	0	0	0	0	0	0	0	0	0	0	0	0	0	0	0	69.57	0
"483"	"6321"	"Macginitiea gracilis"	""	0	0	0	0	0	0	0	0	0	0	0	0	0	0	0	0	69.57	0
"484"	"8642.1 (lg)"	"Macginitiea gracilis"	""	0	0	0	0	0	0	0	0	0	0	0	0	0	0	0	0	69.57	0
"485"	"6325"	"Macginitiea gracilis"	""	0	0	0	0	0	0	0	0	0	0	0	0	0	0	0	0	69.57	0
"486"	"5947"	"Macginitiea gracilis"	""	112.47	0	0	0	0	0	0	0	0	0	0	0	0	0	0	0	69.57	4.628
"487"	"8390"	"Macginitiea gracilis"	""	0	0	0	0	0	0	0	0	0	0	0	0	0	0	0	0	69.57	4.951
"488"	"5946"	"Macginitiea gracilis"	""	37.69	0	0	0	0	0	0	0	0	0	0	0	0	0	0	0	69.57	5.172
"489"	"5991"	"Macginitiea gracilis"	""	0	0	0	0	0	0	0	0	0	0	0	0	0	0	0	0	69.57	0
"490"	"8189.2(sm)"	"Apeiba improvisa"	""	16.57	0	0	0	0	0	0	0	0	0	0	0	0	0	0	0	71.49	0
"491"	"8105"	"Apeiba improvisa"	""	0	0	0	0	0	0	0	0	0	0	0	0	0	0	0	0	71.49	0
"492"	"8073"	"Apeiba improvisa"	""	15.07	0	0	0	0	0	0	0	0	0	0	0	0	0	0	0	71.49	0
"493"	"9059+9064"	"Apeiba improvisa"	""	4.79	0	0	0	0	0	0	0	0	0	0	0	0	0	0	0	71.49	0
"494"	"7990"	"Apeiba improvisa"	""	0	0	0	0	0	0	0	0	0	0	0	0	0	0	0	0	71.49	0
"495"	"8848"	"Apeiba improvisa"	""	12.86	0	0	0	0	0	0	0	0	0	0	0	0	0	0	0	71.49	0
"496"	"8086"	"Apeiba improvisa"	""	13.55	0	0	0	0	0	0	0	0	0	0	0	0	0	0	0	71.49	0
"497"	"8638"	"Platanites raynoldsii"	""	42.94	0	0	0	0	0	0	0	0	0	0	0	0	0	0	0	58.68	0
"498"	"5872"	"Platanites raynoldsii"	""	6.06	0	0	0	0	0	0	0	0	0	0	0	0	0	0	0	58.68	0
"499"	"5877.2(sm)"	"Platanites raynoldsii"	""	19.57	0	0	0	0	0	0	0	0	0	0	0	0	0	0	0	58.68	0
"500"	"8630+8149"	"Dicot sp.WR007"	""	25.47	0	0	0	0	0	0	0	0	0	0	0	0	0	0	0	94.16	0
"501"	"8183.2(sm)"	"Dicot sp.WR007"	""	17.53	0	0	0	0	0	0	0	0	0	0	0	0	0	0	0	94.16	0
"502"	"8052"	"Dicot sp.WR007"	""	30.96	0	0	0	0	0	0	0	0	0	0	0	0	0	0	0	94.16	0
"503"	"8069"	"Dicot sp.WR007"	""	20.53	0	0	0	0	0	0	0	0	0	0	0	0	0	0	0	94.16	0
"504"	"8372+8194"	"Dicot sp.WR007"	""	14.27	0	0	0	0	0	0	0	0	0	0	0	0	0	0	0	94.16	0
"505"	"8067.2(drk)"	"Dicot sp.WR007"	""	29.25	0	0	0	0	0	0	0	0	0	0	0	0	0	0	0	94.16	0
"506"	"9067"	"Dicot sp.WR007"	""	11.64	0	0	0	0	0	0	0	0	0	0	0	0	0	0	0	94.16	0
"507"	"8375"	"Dicot sp.WR007"	""	15.93	0	0	0	0	0	0	0	0	0	0	0	0	0	0	0	94.16	0
"508"	"8075"	"Dicot sp.WR007"	""	3.64	0	0	0	0	0	0	0	0	0	0	0	0	0	0	0	94.16	0
"509"	"8063.5(sm)"	"Dicot sp.WR007"	""	12.254	0	0	0	0	0	0	0	0	0	0	0	0	0	0	0	94.16	0
"510"	"7040.2(sm)"	"Dicot sp.WR007"	""	0	0	0	0	0	0	0	0	0	0	0	0	0	0	0	0	94.16	0
"511"	"7994"	"Dicot sp.WR007"	""	24.04	0	0	0	0	0	0	0	0	0	0	0	0	0	0	0	94.16	0
"512"	"8172"	"Dicot sp.WR007"	""	34.22	0	0	0	0	0	0	0	0	0	0	0	0	0	0	0	94.16	0
"513"	"8163.1(lg)"	"Dicot sp.WR007"	""	0	0	0	0	0	0	0	0	0	0	0	0	0	0	0	0	94.16	0
"514"	"8620+8628"	"Dicot sp.WR007"	""	0	0	0	0	0	0	0	0	0	0	0	0	0	0	0	0	94.16	0
"515"	"5822"	"Dicot sp.WR007"	""	7.29	0	0	0	0	0	0	0	0	0	0	0	0	0	0	0	94.16	0
"516"	"8382"	"Dicot sp.WR007"	""	9.98	0	0	0	0	0	0	0	0	0	0	0	0	0	0	0	94.16	0
"517"	"8185"	"Dicot sp.WR007"	""	14.62	0	0	0	0	0	0	0	0	0	0	0	0	0	0	0	94.16	0
"518"	"8381"	"Dicot sp.WR007"	""	8.07	0	0	0	0	0	0	0	0	0	0	0	0	0	0	0	94.16	0
"519"	"8367"	"Dicot sp.WR007"	""	8.31	0	0	0	0	0	0	0	0	0	0	0	0	0	0	0	94.16	0
"520"	"5828"	"Dicot sp.WR007"	""	0	0	0	0	0	0	0	0	0	0	0	0	0	0	0	0	94.16	0
"521"	"8157"	"Dicot sp.WR007"	""	10.77	0	0	0	0	0	0	0	0	0	0	0	0	0	0	0	94.16	0
"522"	"9549.2(lwr haf)"	"Dicot sp.WR028"	""	0	0	0	0	0	0	0	0	0	0	0	0	0	0	0	0	77.44	0
"523"	"5783"	"Dicot sp.WR028"	""	27.8	0	0	0	0	0	0	0	0	0	0	0	0	0	0	0	77.44	0
"524"	"9037"	"Dicot sp.WR028"	""	76.93	0	0	0	0	0	0	0	0	0	0	0	0	0	0	0	77.44	0
"525"	"8329"	"Dicot sp.WR028"	""	11.9	0	0	0	0	0	0	0	0	0	0	0	0	0	0	0	77.44	5.481
"526"	"5974"	"Dicot sp.WR028"	""	45.4	0	0	0	0	0	0	0	0	0	0	0	0	0	0	0	77.44	3.773
"527"	"5753"	"Dicot sp.WR028"	""	30.32	0	0	0	0	0	0	0	0	0	0	0	0	0	0	0	77.44	0
"528"	"8107"	"Dicot sp.WR028"	""	40.47	0	0	0	0	0	0	0	0	0	0	0	0	0	0	0	77.44	0
"529"	"8331+8635"	"Dicot sp.WR028"	""	6.95	0	0	0	0	0	0	0	0	0	0	0	0	0	0	0	77.44	0
"530"	"8140"	"Dicot sp.WR028"	""	37.59	0	0	0	0	0	0	0	0	0	0	0	0	0	0	0	77.44	0
"531"	"5748"	"Dicot sp.WR028"	""	43.45	0	0	0	0	0	0	0	0	0	0	0	0	0	0	0	77.44	0
"532"	"5787"	"Dicot sp.WR028"	""	19.39	0	0	0	0	0	0	0	0	0	0	0	0	0	0	0	77.44	3.221
"533"	"5752"	"Dicot sp.WR028"	""	62.396	0	0	0	0	0	0	0	0	0	0	0	0	0	0	0	77.44	0
"534"	"8646"	"Dicot sp.WR028"	""	24.98	0	0	0	0	0	0	0	0	0	0	0	0	0	0	0	77.44	0
"535"	"5761"	"Dicot sp.WR028"	""	40.15	0	0	0	0	0	0	0	0	0	0	0	0	0	0	0	77.44	0
"536"	"7958"	"Dicot sp.WR028"	""	26.05	0	0	0	0	0	0	0	0	0	0	0	0	0	0	0	77.44	0
"537"	"5728"	"Dicot sp.WR028"	""	29.21	0	0	0	0	0	0	0	0	0	0	0	0	0	0	0	77.44	0
"538"	"8326"	"Dicot sp.WR028"	""	14.93	0	0	0	0	0	0	0	0	0	0	0	0	0	0	0	77.44	0
"539"	"5727.1(lg)"	"Dicot sp.WR028"	""	66.33	0	0	0	0	0	0	0	0	0	0	0	0	0	0	0	77.44	0
"540"	"5854"	"Populus cinnamomoides"	""	15.99	0	0	0	0	0	0	0	0	0	0	0	0	0	0	0	76.04	0
"541"	"5860"	"Populus cinnamomoides"	""	32.06	0	0	0	0	0	0	0	0	0	0	0	0	0	0	0	76.04	0
"542"	"8082"	"Populus cinnamomoides"	""	20.1	0	0	0	0	0	0	0	0	0	0	0	0	0	0	0	76.04	0
"543"	"5842"	"Populus cinnamomoides"	""	40.19	0	0	0	0	0	0	0	0	0	0	0	0	0	0	0	76.04	6.018
"544"	"5855"	"Populus cinnamomoides"	""	32.95	0	0	0	0	0	0	0	0	0	0	0	0	0	0	0	76.04	0
"545"	"5867"	"Populus cinnamomoides"	""	33.32	0	0	0	0	0	0	0	0	0	0	0	0	0	0	0	76.04	0
"546"	"5850"	"Populus cinnamomoides"	""	40.43	0	0	0	0	0	0	0	0	0	0	0	0	0	0	0	76.04	0
"547"	"7035"	"Populus cinnamomoides"	""	15.48	0	0	0	0	0	0	0	0	0	0	0	0	0	0	0	76.04	0
"548"	"5857"	"Populus cinnamomoides"	""	33.296	0	0	0	0	0	0	0	0	0	0	0	0	0	0	0	76.04	0
"549"	"7963"	"Populus cinnamomoides"	""	36.66	0	0	0	0	0	0	0	0	0	0	0	0	0	0	0	76.04	0
"550"	"8175"	"Populus cinnamomoides"	""	0	0	0	0	0	0	0	0	0	0	0	0	0	0	0	0	76.04	0
"551"	"7922"	"Dicot sp.WR034"	""	10.23	0	0	0	0	0	0	0	0	0	0	0	0	0	0	0	143.75	0
"552"	"8151.2(covered)"	"Symplocos incondita"	""	20.41	0	0	0	0	0	0	0	0	0	0	0	0	0	0	0	119.37	0
"553"	"41883+41885"	"Symplocos incondita"	""	11.37	0	0	0	0	0	0	0	0	0	0	0	0	0	0	0	119.37	0
"554"	"7951"	"Symplocos incondita"	""	2.47	0	0	0	0	0	0	0	0	0	0	0	0	0	0	0	119.37	0
"555"	"7950"	"Symplocos incondita"	""	13.8	0	0	0	0	0	0	0	0	0	0	0	0	0	0	0	119.37	0
"556"	"7945"	"Symplocos incondita"	""	12	0	0	0	0	0	0	0	0	0	0	0	0	0	0	0	119.37	0
"557"	"7954"	"Symplocos incondita"	""	2.65	0	0	0	0	0	0	0	0	0	0	0	0	0	0	0	119.37	0
"558"	"1"	"Dicot sp.WR007"	"0"	0	0	0	0	0	0	0	0	0	0	0	0	0	0	0	0	94.16	0
"559"	"3a"	"Dicot sp.WR007"	"2, 14, 30, 46(3)"	20	0.005	2.38	0	0.296	0.01	0	0	0	0	0	0	0	0	13.455	0	94.16	0
"560"	"3"	"Macginitiea wyomingensis"	"1, 2, 13"	128.34	0	0	0	0	0	0	0	0	0	0	0	0	0	0	0	66.25	0
"561"	"4"	"Populus cinnamomoides"	"0"	15.91	0.108	2.2	0	0	0	0	0	0	0	0	0	0	0	14.5065996228787	0	76.04	0
"563"	"6"	"Dicot sp.WR032"	"0"	0	0	0	0	0	0	0	0	0	0	0	0	0	0	0	0	0	0
"564"	"6a"	"Dicot sp.WR032"	"0"	0	0	0	0	0	0	0	0	0	0	0	0	0	0	0	0	0	0
"565"	"7"	"Juglandaceae sp.WR035"	"1(6), 2(10)"	52.3	0.258	0	0	0	0	0	0	0	0	0	0	0	0	0.493307839388145	0	0	0
"566"	"8"	"Populus cinnamomoides"	"32"	18.69	0	0	0	0	0	0	0	0.003	0	0	0	0	0	0.0160513643659711	0	76.04	0
"567"	"8a"	"Populus cinnamomoides"	"0"	60.992	0	0	0	0	0	0	0	0	0	0	0	0	0	0	0	76.04	0
"568"	"9"	"Dicot sp.WR033"	"12, 29"	0	0	0	0	0	0	0	0	0	0	0	0	0	0	0	0	0	0
"569"	"10"	"Platanites raynoldsii"	"2(3)"	61.694	0.135	0	0	0	0	0	0	0	0	0	0	0	0	0.218821927578046	0	58.68	0
"570"	"11"	"Populus cinnamomoides"	"0"	6.13	0	0	0	0	0	0	0	0	0	0	0	0	0	0	0	76.04	0
"571"	"12"	"Populus cinnamomoides"	"0"	20.476	0	0	0	0	0	0	0	0	0	0	0	0	0	0	0	76.04	0
"572"	"13"	"Dicot sp.WR033"	"1(2), 13"	13.564	0.025	0.388	0	0	0	0	0	0	0	0	0	0	0	3.04482453553524	0	0	0
"574"	"15"	"Dicot sp.WR027"	"F"	19.552	0	0	0	0	0	0	0	0	2.75	0	0	0	0	0	0.00140650572831424	0	0
"575"	"16"	"Dicot sp.WR028"	"1(2), 2(2)"	16.114	0.03	0	0	0	0	0	0	0	0	0	0	0	0	0.186173513714782	0	77.44	0
"576"	"17"	"Juglandaceae sp.WR035"	"F"	12.54	0	0	0	0	0	0	0	0	0.346	0	0	0	0	0	0.00027591706539075	0	0
"578"	"19a"	"Populus cinnamomoides"	"0"	0	0	0	0	0	0	0	0	0	0	0	0	0	0	0	0	76.04	0
"579"	"20"	"Macginitiea gracilis"	"0"	0	0	0	0	0	0	0	0	0	0	0	0	0	0	0	0	69.57	0
"584"	"30"	"Dicot sp.WR028"	"F"	6.454	0	0	0	0	0	0	0	0	0.131	0	0	0	0	0	0.000202974899287264	77.44	0
"586"	"30b"	"Dicot sp.WR007"	"3, 12(3), 15, 45??"	11.224	0.096	0.85	0	0	0	0	0.759	0	0	0	0	0	0	15.1906628652887	0	94.16	0
"588"	"33"	"Dombeya novi-mundi"	"1(9), 3(2)"	100.28	1.003	0	0	0	0	0	0	0	0	0	0	0	0	1.00019944156362	0	0	0
"589"	"34"	"Apeiba improvisa"	"3, 29"	35.012	0.131	0	0	0.021	0	0	0	0	0	0	0	0	0	0.434136867359762	0	71.49	0
"591"	"36"	"Dicot sp.WR030"	"0"	0	0	0	0	0	0	0	0	0	0	0	0	0	0	0	0	0	0
"592"	"37"	"Dicot sp.WR030"	"0"	0	0	0	0	0	0	0	0	0	0	0	0	0	0	0	0	0	0
"593"	"38"	"Dicot sp.WR028"	"1, 2(2)"	86.52	0.163	0	0	0	0	0	0	0	0	0	0	0	0	0.188395746648174	0	77.44	0
"595"	"40"	"Symplocos incondita"	"76, F"	25.508	0	0	0	0	0	0.048	0	0	5.927	0	0	0	0	0.188176258428728	0.00232358475772307	119.37	0
"596"	"41"	"Populus cinnamomoides"	"29(3), 32(3)"	12.905	0	0	0	0.033	0	0	0	0.003	0	0	0	0	0	0.278961642774119	0	76.04	0
"599"	"44"	"Dicot sp.WR031"	"2(2), 16"	22.726	0.013	0	0.929	0	0	0	0	0	0	0	0	0	0	4.14503212179882	0	0	0
"600"	"45"	"Dicot sp.WR028"	"2(4), 3, F"	9.534	0.069	0	0	0	0	0	0	0	0.134	0	0	0	0	0.723725613593455	0.000140549611915251	77.44	0
"601"	"46"	"Dicot sp.WR029"	"2"	0	0	0	0	0	0	0	0	0	0	0	0	0	0	0	0	0	0
"602"	"47"	"Apeiba improvisa"	"2(2), 8(2) "	0	0	0	0	0	0	0	0	0	0	0	0	0	0	0	0	71.49	0
"603"	"48"	"Populus cinnamomoides"	"0"	0	0	0	0	0	0	0	0	0	0	0	0	0	0	0	0	76.04	0
"604"	"49"	"Dicot sp.WR033"	"0"	24.513	0	0	0	0	0	0	0	0	0	0	0	0	0	0	0	0	0
"605"	"50"	"Dicot sp.WR007"	"F"	7.276	0	0	0	0	0	0	0	0	1.576	0	0	0	0	0	0.00216602528862012	94.16	0
"606"	"51"	"Populus cinnamomoides"	"16(3), F"	41.468	0	0	0.205	0	0	0	0	0	1.452	0	0	0	0	0.494357094627182	0.000350149512877399	76.04	0
"608"	"54"	"Dicot sp.WR007"	"1(3), 4, 5(2), 25, 40, F"	0	0	0	0	0	0	0	0	0	0	0	0	0	0	0	0	94.16	0
"610"	"56"	"Dicot sp.WR007"	"0"	0	0	0	0	0	0	0	0	0	0	0	0	0	0	0	0	94.16	0
"611"	"57"	"Dicot sp.WR007"	"2(3), 17(2)"	0	0	0	0	0	0	0	0	0	0	0	0	0	0	0	0	94.16	0
"612"	"58"	"Dicot sp.WR007"	"0"	32.245	0	0	0	0	0	0	0	0	0	0	0	0	0	0	0	94.16	0
"614"	"66"	"Populus cinnamomoides"	"2, 14, 32, F"	74.228	0.094	7.319	0	0	0	0	0	0.012	7.078	0	0	0	0	10.0029638411381	0.000953548526162634	76.04	0
"618"	"70"	"Populus cinnamomoides"	"0"	13.11	0	0	0	0	0	0	0	0	0	0	0	0	0	0	0	76.04	0
"619"	"71"	"Dicot sp.WR029"	"1(2), 63"	28.759	0.125	0	0	0	0	0	0	0	0	0	0	0	0	0.434646545429257	0	0	0
"620"	"72"	"Dicot sp.WR028"	"1, 3(3), 5"	93.528	1.896	0	0	0	0	0	0	0	0	0	0	0	0	2.02720041057223	0	77.44	0
"622"	"74"	"Populus cinnamomoides"	"14, F"	0	0	0	0	0	0	0	0	0	0	0	0	0	0	0	0	76.04	0
"626"	"78"	"Populus cinnamomoides"	"0"	15.127	0	0	0	0	0	0	0	0	0	0	0	0	0	0	0	76.04	0
"627"	"79"	"Rhus sp."	"2(2), 16"	17.241	0.09	0	0.395	0	0	0	0	0	0	0	0	0	0	2.81306188736152	0	0	0
"629"	"81"	"Populus cinnamomoides"	"3(3), 11, 34, F"	31.211	0.067	0	0	0	0	0	0	0.645	0	0	0	0	0	2.28124699625132	0	76.04	0
"631"	"83"	"Dicot sp.WR029"	"F"	8.713	0	0	0	0	0	0	0	0	0.164	0	0	0	0	0	0.000188224492138184	0	0
"632"	"84"	"Dicot sp.WR032"	"2(2), 3, 12, F"	18.687	0.114	0.118	0	0	0	0	0	0	4.109	0	0	0	0	1.2415047894258	0.00219885481885803	0	0
"633"	"87"	"Dicot sp.WR032"	"2(8), 3, 4(2), 5(2), 12, F"	51.337	2.516	0.084	0	0	0	0	0	0	0.186	0	0	0	0	5.06457330969866	3.62311782924596e-05	0	0
"634"	"88"	"Dicot sp.WR028"	"2(5), 3(9), 16(2)"	0	0	0	0	0	0	0	0	0	0	0	0	0	0	0	0	77.44	0
"635"	"89"	"Symplocos incondita"	"2"	0	0	0	0	0	0	0	0	0	0	0	0	0	0	0	0	119.37	0
"638"	"92"	"Dicot sp.WR028"	"3"	7.648	0.014	0	0	0	0	0	0	0	0	0	0	0	0	0.183054393305439	0	77.44	0
